DATE,AFLT,GAZP,KMAZ,LKOH,VTBR,URKA,TRNFP,SIBN,SBER,ROSN,RASP,PMTL,PLZL,OGK1,MMBM,GMKN,OGK2,OGK5,AVAZ,MTSI,SNGS,VZRZ
20090428,32.32,143,25.39,1457,0.0307,77.74,12480,85.61,26.1,163.67,51.2,201.7,1382,0.36,705,2635,0.434,0.909,10.93,161.4,22.851,439
20090429,32.51,149,30.8,1509,0.0317,79.35,13599.78,87.96,27.11,177.21,51.48,204.49,1389.44,0.409,710,2687.84,0.495,0.972,11.06,166.5,24.038,429
20090430,33.96,147.82,30.23,1481.99,0.0315,79.4,13538.51,88.74,27.8,176.99,53.9,202.76,1373.89,0.411,717.1,2775,0.491,0.974,10.753,164.64,23.5,426.99
20090504,34.98,155,34.87,1547.79,0.033,82.19,15044,93.38,29.28,181.55,57.49,204.9,1376.8,0.429,728,2898,0.493,1.029,11.001,173.09,24.274,434
20090505,35,161.3,33.7,1504,0.0332,82.5,14500,92.07,28.87,177.82,57.1,217,1419,0.419,709,2903,0.476,1.007,11.467,173.48,24,427.64
20090506,35.19,169.91,34.37,1565.97,0.0339,92.2,14240,93.99,29.38,181.74,58,212.54,1405.07,0.457,708,3038.99,0.522,1.132,11.34,175.52,23.959,457.99
20090507,35.49,171.61,36.36,1589,0.0361,96.8,14299.99,95.2,31.15,183.72,57.65,215.97,1407.5,0.448,707,3162,0.51,1.104,11.205,175.8,24.8,499
20090508,35.49,173.3,35.96,1631.51,0.0418,97.5,14516,96.49,32.27,181.6,59.23,214,1404.01,0.447,721.99,3231.56,0.515,1.149,11.303,181.6,25.3,501
20090512,36.99,179.05,37,1613.87,0.046,115.06,15635,99.7,33.65,187,60.79,216.4,1400,0.453,724.22,3384.99,0.535,1.13,11.403,175.01,26.2,535
20090513,33.78,167.19,36.75,1554.3,0.0424,109.3,15164.9,94.56,32.2,178.64,58.15,214.97,1369,0.416,714.9,3175.01,0.484,1.059,10.92,165,25.358,489.08
20090514,33.87,165.5,38,1547,0.0396,117.2,15149,95.48,31.69,174.99,54,227.13,1367.57,0.424,710,3150,0.495,1.059,10.875,162.33,26.06,499.78
20090515,33.98,166.24,36.92,1514.52,0.041,119.01,15040,98.99,32.98,173.71,55.56,229.95,1360.01,0.432,710,3140,0.498,1.039,10.71,163.14,25.437,503
20090518,35,170.31,36.8,1528.01,0.0437,115.3,15058.03,95.68,34.15,177.27,56.7,224,1355.18,0.446,710,3145.89,0.513,1.079,10.85,165.85,25.057,517.2
20090519,34.7,176.02,36.55,1546.99,0.0444,117.1,15037.88,95.35,36,181,58.76,224.79,1356.99,0.47,706,3349,0.519,1.089,10.8,169.1,24.777,514.99
20090520,34.93,183.24,36.84,1613.44,0.0467,119.01,15354.99,100.95,40.1,191.8,61.64,226.75,1372.72,0.525,713.7,3550,0.54,1.121,10.898,175.97,25.524,528
20090521,34.48,170.15,40.1,1534.5,0.0429,108.21,14605.05,95.87,37.45,180.55,57.5,230.79,1411,0.477,719,3400.99,0.498,1.067,14.149,163.97,24.069,504.75
20090522,34.34,174.17,38.9,1553.03,0.0442,109.21,14570,99.17,39.01,185.09,59.4,234,1421.96,0.491,707.18,3404.99,0.499,1.09,13.498,169,24.5,513
20090525,34.2,170.67,38.48,1548,0.0443,109.8,16200,99.34,39.4,185.05,62,236.6,1399.99,0.506,712.85,3322.51,0.5,1.113,13.11,167.5,24.374,518.99
20090526,33.75,170.15,36.66,1524,0.0428,106.8,15700,99.37,39.54,184.11,63.2,254.4,1352.99,0.497,709,3261.98,0.498,1.105,12.798,167.44,23.856,519.98
20090527,35,171.2,36.6,1530.97,0.0431,107.76,16150.03,100.8,40.8,190.61,65.05,277,1364,0.508,721,3360.11,0.514,1.109,12.401,170.25,24.17,513.95
20090528,35.13,172.56,37.51,1557.01,0.0437,106.59,16375,102.8,41.54,197.31,68.46,264,1397.04,0.501,725,3376.21,0.512,1.097,13.8,170.38,24.902,518.9
20090529,35.15,178.1,39.5,1641.05,0.0446,116.3,16750,105.32,44.13,206.51,69,268.99,1407,0.61,729,3480,0.56,1.135,13.799,175.6,25.847,548.95
20090601,34.99,191.5,43.33,1755.01,0.0486,123.48,18151,109.17,51.88,219.79,72.2,270,1444.5,0.644,735,3713,0.669,1.209,17.766,189.85,26.646,587.03
20090602,35.48,190.5,43.53,1735,0.0485,122.2,17839,107.16,53.38,219.6,71.4,268.03,1418.1,0.63,720,3670.01,0.711,1.206,18.252,187,25.833,684
20090603,35.1,175.1,40.32,1625.55,0.0437,113.93,16550,104.53,47.17,201.1,65.51,259.79,1403.1,0.61,717.16,3314.16,0.689,1.185,16.6,183.2,24.7,660
20090604,37.86,176.56,38.95,1675.6,0.0426,116.85,16750,107,49.47,200.11,66.47,263.01,1367.99,0.637,713.99,3280,0.713,1.18,17.25,184,25.197,670
20090605,37.3,182,39.24,1691.02,0.043,116.5,17050,110.51,50.75,202,69.82,269.3,1375.03,0.758,723.5,3370,0.759,1.265,17.498,188.33,25.315,675
20090608,37.24,177.15,40,1689.88,0.0427,116.01,17041,108.53,48.38,198.45,70.71,270.2,1342.93,0.786,716.88,3157.9,0.814,1.356,16.7,189.25,25.162,658.99
20090609,36.65,177.15,38.9,1649,0.0425,118.02,17200.95,107.21,49.2,195.01,71.2,274,1342.26,0.78,721,3145,0.833,1.4,16.438,185.23,24.425,651
20090610,36.5,181.04,39.12,1655,0.0423,119,18060,109.15,49.31,199.9,73,272.1,1350,0.769,732.99,3364.99,0.885,1.426,16.4,186.19,24.7,690.8
20090611,36.66,183.47,38.37,1659,0.0417,119.24,19110,108.33,47.98,201,76.7,271.01,1425,0.729,730.9,3495,0.861,1.39,16.178,183.3,25.52,699
20090615,35.5,173.8,36.2,1559.98,0.039,112.76,18540,105,43.92,188.5,81,273.21,1376,0.706,718.44,3215,0.893,1.37,15.395,179,23.7,675
20090616,35.74,176.47,37.72,1582.1,0.0406,114.7,19605.04,105.7,46.06,191.99,84.26,269.7,1389,0.713,720.28,3277,0.901,1.395,15.653,186.99,24.088,684
20090617,36.11,162.3,34.8,1514,0.0383,102.2,20301.1,103.1,43,180.98,75,256.99,1363.95,0.671,719.95,3032,0.846,1.372,17.302,179,23.6,668
20090618,35.15,158.75,33.59,1498.79,0.0373,104.13,19408,105.18,42.69,176.64,76.5,257,1366.99,0.648,713.8,2894,0.805,1.329,15.8,174.9,23.008,663.78
20090619,35.25,162.52,34,1473.02,0.0361,108.77,18107.8,111.05,41.1,182.48,75.5,262.78,1329.99,0.659,715.48,2795.01,0.8,1.3,15.388,173,23.894,618
20090622,34,150.6,30.3,1370.79,0.0326,100.2,17450,106,35.79,166.9,66.7,263,1191.96,0.567,705,2600.21,0.678,1.19,13.05,162.4,22.8,540
20090623,32.5,143.37,29.29,1344.98,0.0335,99,16100,98.19,37.05,165.31,63.95,250.01,1121.01,0.552,703.5,2494.53,0.643,1.15,11.943,157.95,22.049,570
20090624,33.4,154.77,30.68,1410,0.0351,104.35,16501,101,42.6,172.99,71.21,257.58,1205.01,0.607,712,2750,0.687,1.217,12.828,166.5,22.27,599
20090625,33.12,148.25,30.1,1390,0.0353,99,16159,100,41.35,169.76,70.88,261,1165,0.582,704,2670.31,0.668,1.181,13.2,163.1,21.539,600
20090626,32.7,150.7,30.29,1373.71,0.0343,98,15339.99,99.7,39.72,166.75,71.19,261.5,1199.99,0.564,705,2779.2,0.675,1.134,13.27,165.5,21.349,608
20090629,33.37,157.9,30.69,1399.99,0.0346,101.8,15340,102,39.86,172.88,69.82,265.01,1199.95,0.553,702.5,2940.99,0.671,1.156,13.495,167.7,21.943,596
20090630,33.87,155.79,29.52,1379,0.0344,99.98,15105,97.99,38.08,168,71.36,268.7,1149.99,0.56,707.77,2820,0.697,1.156,13.33,162.65,21.068,559
20090701,33.5,165.98,30,1424.99,0.0369,103,16010,99,39.43,173.19,73,260.7,1218.77,0.578,702.28,2978,0.702,1.193,13.439,163.35,22.135,566
20090702,33,157.7,29.3,1373.73,0.0357,103.53,15121,96.9,37.83,168,75,260,1173,0.6,705,2870.03,0.687,1.18,12.77,158.28,21.514,564.87
20090703,33.09,154.69,30.18,1378.99,0.0363,110.7,15300,96.79,38.54,170.1,73.2,259.46,1184.99,0.59,704.5,2817,0.651,1.18,12.468,158.61,21.48,585
20090706,32.81,144.51,28.85,1317.9,0.0344,103.37,14648.53,91.5,37,163.72,70,254,1147.6,0.552,703,2646.03,0.608,1.136,12.19,153.49,20.514,562
20090707,32.05,144.94,28.89,1325,0.0348,103.6,14747.91,92.05,37.21,162.5,70,256,1145,0.561,703,2622,0.594,1.143,12.119,153.05,21.097,549.49
20090708,30.72,139.03,28.78,1309,0.0336,98.14,14325,91.22,36.33,157.69,67.77,252.36,1128.99,0.529,702.5,2634.91,0.559,1.074,11.949,153.51,20.05,515
20090709,30.33,137.6,28.77,1310,0.0331,98.59,14375,88.51,36.19,156.5,63.5,253,1128.79,0.529,706,2605,0.55,1.06,11.763,152.47,19.729,511.01
20090710,29.55,134.18,28,1304.99,0.0312,95.24,13598,86.87,34.36,159.1,62.3,243.8,1066,0.522,703,2488.99,0.515,1.01,11.18,148.51,19.255,490
20090713,29.65,134.3,27.6,1344.94,0.0316,93.32,13349.99,87.7,35.9,158.01,62.6,240.3,1079.01,0.545,705,2447.99,0.561,0.999,11.098,151,20.12,487.95
20090714,28.85,134.95,27.59,1363.42,0.0324,94.23,13350,88.85,35.73,160.2,62.61,237,1069,0.566,702,2559.95,0.581,1.059,11.323,154.3,19.804,490
20090715,29.28,144.29,29.7,1467,0.034,96.77,14785,92.97,37.8,167.49,65.39,233.89,1140.01,0.607,705,2766.01,0.615,1.107,11.532,160.5,20.7,540
20090716,29.46,146.08,29.1,1444.89,0.035,98,14699.99,93.16,37.37,167.73,65.25,227.99,1159.99,0.628,701.5,2759,0.625,1.131,11.428,161.88,20.7,561
20090717,30.16,152.85,30.98,1475,0.0367,99.03,15299.99,96.31,38.02,171.82,69.65,229.01,1175.99,0.645,703,2936.29,0.638,1.137,11.56,162.75,21.802,547
20090720,30.55,157,31.23,1479.99,0.0365,100.02,14910,97.59,39.21,175.9,74.41,236.73,1220,0.661,704.74,3098.11,0.664,1.256,11.839,163.71,21.586,568
20090721,31.7,160.07,33,1519.99,0.037,100.01,15060,101,40.43,179.48,74.8,248.2,1207.64,0.64,704,3055.01,0.654,1.265,11.95,164.99,22.522,564.95
20090722,30.99,157.5,31.22,1475,0.0361,96,14801,99,38.79,175.52,72.58,242.4,1165,0.615,701.75,2945.67,0.613,1.275,11.631,166.89,21.969,585
20090723,31.7,166.79,31.51,1553,0.0383,100.5,15570.99,102.87,41.25,184.9,79.99,247,1199.88,0.636,700,3215,0.64,1.315,12,173.3,22.852,634.8
20090724,31.54,162.38,31.7,1556.01,0.0381,105.7,16300.14,104.52,40.85,186.52,81,242.75,1185.18,0.644,704,3127.02,0.676,1.355,11.9,177.5,23.312,654
20090727,32.67,162.8,31.75,1534.99,0.0389,113.89,15845,104.6,41.87,186.36,80.49,248.1,1201,0.66,702,3120.01,0.711,1.347,11.89,182,23.6,686
20090728,31.51,154.4,30.28,1487.96,0.0374,107.77,15050,107,40.46,181.98,83.5,237,1139.99,0.624,701.9,3035.11,0.696,1.27,11.496,175.7,23.32,667
20090729,30.65,152.02,28.71,1476.01,0.0365,107.29,14979.99,105.7,39.51,181.8,80.6,243,1105.01,0.613,704,2911.01,0.674,1.267,11.1,171.3,23.5,664.98
20090730,31.17,162.76,30.62,1569.99,0.0388,114.45,15648,108.6,42.51,191.05,82.65,242.9,1174.9,0.657,708.99,3086.99,0.734,1.313,11.401,176.2,24.552,669
20090731,31.43,162.52,29.74,1570,0.0426,115.05,15500,108.41,42.39,191,83.88,244.65,1189.9,0.673,707.9,3169.9,0.786,1.325,11.38,176.7,24.367,685
20090803,33.06,169.57,30.6,1610.98,0.0442,117.29,16228.98,112,46.22,199,87.5,251,1292,0.697,707,3307.02,0.823,1.351,11.359,180.1,25.603,720
20090804,33.28,169.95,32.4,1606.04,0.0429,114.81,16150,111,46.48,201.22,86.72,255.7,1304.01,0.689,705.11,3354.9,0.83,1.379,11.398,179,25.74,720
20090805,32.34,167.39,32.5,1585,0.0416,110,15560.05,110.8,45.38,197.46,85.86,258,1269.9,0.658,709.8,3301,0.8,1.397,11.192,178.68,26.072,748
20090806,33,169.36,32.3,1583.48,0.0413,118,16000,112.57,46.25,199,86.01,260,1257.01,0.659,709,3352.98,0.776,1.452,11.097,178.5,25.679,756
20090807,33.19,173.8,32.6,1610,0.043,119.26,16230,116.64,47.8,203.33,86.92,268.18,1290.17,0.667,707,3450,0.791,1.457,11.249,181.48,25.69,746
20090810,33.05,169.64,33.3,1568.99,0.0419,122.35,15770,114.5,47.69,200.77,89.77,263.49,1278,0.652,705.25,3396,0.784,1.445,11.446,180.85,24.65,760
20090811,32.61,164.02,33.58,1522.1,0.0414,118.68,15250.98,111.6,46.64,191.97,91,254.64,1232.97,0.624,707,3286,0.745,1.433,11.305,177,23.73,810
20090812,32.2,164.7,32.9,1535,0.0422,122.31,15700,113.65,47.75,194.7,90.99,261,1277.2,0.627,713,3344,0.759,1.449,11.05,183.01,24.42,800
20090813,33.56,165.98,34.1,1540.05,0.0427,123.5,18666,115.7,48.06,195.5,90.8,262.6,1269.99,0.65,714.99,3419.48,0.754,1.42,11.169,186.5,24.429,798
20090814,33.29,160.66,34,1498,0.042,119.66,17689,117.68,46.7,189.25,86.5,266.99,1250.01,0.63,714,3354.99,0.714,1.405,11.009,181.4,23.999,794
20090817,32,153.35,31.98,1452,0.041,116,17330,111.47,45.06,179.83,85,266.5,1264,0.605,707,3239,0.673,1.388,10.8,174.5,22.94,761.99
20090818,32.42,150.13,32.1,1431,0.0431,121.15,17550.05,111.9,45.55,179,86.1,263,1251.29,0.613,707,3250,0.693,1.404,10.636,180,22.868,781.5
20090819,32.55,151.85,32.45,1429,0.0433,118.12,18098,114.51,46.22,178.6,84.69,253,1236,0.62,705.1,3260.01,0.699,1.399,10.487,177,23.609,787
20090820,32.7,157.8,32.72,1512.08,0.0436,121.2,18301,118.48,46.89,187.54,88.45,250,1243,0.632,716.89,3309.99,0.724,1.398,10.533,176.5,24.25,790
20090821,33.09,167.1,32.89,1595,0.0444,123.01,18648,120.4,48.71,200.39,90.01,252.66,1245,0.643,716.97,3447,0.725,1.4,11.01,180.25,25.611,790
20090824,33.45,169.1,35.24,1624.1,0.0444,123.81,18614,120.06,49.19,204.88,90.9,254.92,1252.06,0.654,709.01,3420.01,0.73,1.409,12.78,181.62,26.434,800
20090825,32.99,169.22,34.32,1625,0.0437,121.98,18610,118.75,48.75,206.8,89.9,253.23,1241.12,0.65,707,3424.99,0.723,1.398,12.1,181.5,26.775,795
20090826,32.77,167.6,33.8,1591,0.0433,120.79,19679,116.95,48.32,203.36,88.99,254,1206,0.639,708.61,3341.25,0.716,1.397,11.598,181.5,26.4,812.5
20090827,32.5,163.3,35.3,1543.99,0.0428,122.01,18910.11,113.35,47.65,197.73,86.21,253.99,1186,0.617,706.01,3350,0.701,1.374,12.098,179.39,26.1,855
20090828,32.87,167.3,36.06,1602.01,0.0439,120.88,19502.01,115.2,48.27,202.9,88.1,254,1195,0.646,710.81,3485.01,0.739,1.38,12.65,185,26.951,866.97
20090831,32.35,163.1,36.07,1580.02,0.0433,120.54,20399.99,114.73,47.45,198.3,85.78,251.42,1187.99,0.635,715.47,3385,0.745,1.352,12.399,182,26.045,863.5
20090901,35,163.71,38.09,1599.01,0.0439,119.8,20354.01,116.1,49.35,201.17,86.4,255.97,1194.99,0.658,708,3420.26,0.775,1.405,12.3,186.47,25.781,889
20090902,36.12,159.36,36.25,1566,0.0426,115.4,20199.98,111.31,49.09,197.3,81.81,250,1173,0.653,705,3285.01,0.769,1.366,11.648,183.62,24.929,884
20090903,36.2,158.5,36.8,1559.99,0.0429,116.35,20011,111.9,53,200.2,82.9,258.5,1269.68,0.67,704,3297.98,0.794,1.38,11.75,192.75,24.9,895
20090904,36.23,157.51,36,1516,0.0417,111.92,19900,111.5,53.13,197.8,82.3,261,1269.96,0.667,701,3259,0.781,1.392,11.694,199.39,24.66,985
20090907,36.42,161.88,37.79,1532,0.0456,112.8,20350,116.3,55.3,203,83.5,263,1290,0.668,704,3343.04,0.77,1.395,12.254,203,24.78,964
20090908,36.45,166,37.5,1578.7,0.0471,114.8,21311,120.5,58.41,210.05,91.2,272.8,1362.05,0.686,705.07,3409.99,0.809,1.42,12.48,208.5,25.889,977
20090909,36.5,170.36,37.28,1660.1,0.0459,115.6,21123.88,119.64,57.36,211.57,95.01,270.2,1359.29,0.697,710,3412.01,0.82,1.426,12.59,206.5,26.5,985
20090910,37.47,172.8,48.46,1660,0.0451,116.83,21000,122.83,56.5,209.5,95,268.36,1326.98,0.7,703,3360,0.827,1.428,15.82,202,26.291,971
20090911,37.51,173.95,63,1666.5,0.0467,118.44,21700,121,59.2,212.85,94.8,271.02,1383.01,0.708,704,3424.01,0.821,1.434,18.23,205.2,26.601,990
20090914,38.88,172.3,81.9,1653.03,0.0467,116,21830,121.11,58.91,212.81,96,271.48,1392.99,0.703,703,3414,0.81,1.427,19.7,207,27.205,997
20090915,38.85,176.6,72.56,1694,0.0493,115.35,22510,125.7,61.3,224.31,97.68,271.34,1375,0.699,706.07,3539,0.8,1.433,20.6,206,28.049,1003.99
20090916,39.4,181.99,64.42,1693,0.0557,116.5,23398.77,129.53,61.75,224.4,96.98,270.99,1407,0.679,705,3569.79,0.776,1.429,17.555,211,27.9,1007
20090917,38.3,181.5,72.5,1657.99,0.0541,115.69,24120,128.21,58.99,226.21,96.25,269,1390,0.65,711,3724.99,0.747,1.404,18.002,207.34,27.148,1041.66
20090918,40.18,182.45,69.89,1673.95,0.0571,113.2,25102,125.41,57.69,226.49,96.5,262,1391.52,0.669,714.99,3720,0.751,1.48,17.86,205.49,27.67,1010
20090921,38.27,175.97,66.17,1615,0.0552,105.29,24082.95,121.41,55.45,222.51,93.56,261.7,1303,0.676,713.98,3612,0.763,1.585,17.298,197.1,26.08,1040
20090922,39.77,183.4,66.51,1649.99,0.0578,106.88,24187,125,58.73,225.7,98.02,262,1332.01,0.695,714.92,3779,0.765,1.62,17.75,202.49,26.251,1125
20090923,40,180.18,65.1,1609,0.0568,109.21,24077,125.01,60.48,225.61,105.99,260.46,1321.29,0.679,716,3788,0.771,1.64,17.4,200.03,25.6,1120
20090924,40.9,177.1,62,1576.02,0.0544,112.39,24150,123.02,58.28,220.54,103.1,261.4,1339.99,0.659,714,3651,0.755,1.714,16.4,199.89,24.815,1100
20090925,42.49,177.8,61.18,1599.28,0.0543,112.05,23499.98,123.49,59.65,222.2,113,261,1329,0.641,707.89,3766.79,0.741,1.665,15.14,200.5,24.443,1120
20090928,44,180.59,69.6,1629.99,0.0565,113.9,23840,125.61,60.25,230.62,112,255,1353,0.638,712.99,3801.99,0.74,1.641,15.3,202.6,25.619,1139
20090929,44.1,179.49,68.47,1656.3,0.0571,113.4,24649.98,126.51,60.65,229,113,252.96,1344.99,0.65,708,3764.7,0.75,1.645,14.9,202.79,26.059,1208
20090930,45.5,175,70.5,1637,0.0554,113.96,24400,126.01,59.85,227.2,116.14,248.55,1341.2,0.643,708.99,3732.5,0.738,1.588,14.94,203,25.712,1200
20091001,44.96,175.97,70,1673,0.0562,116.97,24615,130.11,59.95,227.5,121.98,250.75,1345.16,0.677,707.95,3783.36,0.795,1.631,14.552,201.98,25.823,1133.45
20091002,44.01,171.01,68.05,1624.01,0.0567,111.57,23799.99,128.26,58.55,220.7,116.39,247.5,1343.99,0.655,704.99,3583.05,0.775,1.621,14.144,197,24.755,1128.53
20091005,43.4,170.5,68.68,1625.08,0.0567,111.79,23420,129,58.5,219.93,114.7,250,1346,0.66,701,3578.01,0.764,1.64,17.188,204.5,24.9,1138
20091006,43.91,175.1,68.99,1685.97,0.0612,113.1,24400,140.19,61.03,231.02,116.6,258,1425.01,0.667,704,3704.9,0.789,1.7,17.035,207.7,25.76,1169
20091007,43.79,174.15,67.37,1705.9,0.0612,115.9,24400,143.99,62.28,232.18,116.21,256.9,1436.12,0.664,707,3680.01,0.795,1.736,16,207.51,26.203,1170
20091008,43.45,178.81,69.9,1795.21,0.0656,126,25057.12,152.6,66.29,243.51,123.5,269.5,1458,0.676,710.12,3858.88,0.811,1.829,16.82,210.5,27.056,1162
20091009,43.3,181.61,69.93,1906,0.0695,122.71,25850,157.55,68.43,248.69,123,268.48,1453.11,0.67,719,3882,0.813,1.899,16.869,208.3,27.299,1137.9
20091012,43.15,192.94,69,1956,0.0723,124.31,27761,163.59,70.91,254.9,123.94,268.8,1500.01,0.754,743.96,4096.96,0.929,2.48,16.749,212.12,28.5,1154
20091013,43.53,190.5,66.78,1886.01,0.0687,126,26710,162.2,68.36,242.2,119,261.5,1510,0.761,816.03,3915,0.981,2.72,15.72,210,27.693,1150
20091014,45.55,200.45,67.2,1942.9,0.0691,133.85,27460.01,173.7,70.5,244.4,122.99,267.03,1570.01,0.746,791.99,4111.22,0.951,2.7,15.8,215.8,28.781,1156.99
20091015,44.6,196.01,64.72,1930,0.0664,128.82,27647.99,171.9,67.6,245.13,127.29,268,1550,0.75,760,4050,0.968,2.663,15.472,212.4,28.562,1115
20091016,42.85,191.5,62.9,1913.99,0.063,128.8,27550.09,168.26,64.97,241.91,121.75,264.5,1580.07,0.745,765,3923,0.944,2.511,15.301,212.74,28.175,1060
20091019,44.52,195.82,64.3,1949,0.0662,134.18,29450,170.1,69.2,248.98,124.32,265.19,1670,0.763,799.93,4119.92,0.995,2.6,15.41,217.19,29.098,1100
20091020,46.4,196.49,64,1920.78,0.0654,139.5,28818,166,69,245.46,126.3,269.8,1713.12,0.772,800,4166,1.039,2.592,14.83,218,28.785,1129.06
20091021,46.1,197,63.4,1925,0.065,143,28780.05,166.33,70.51,247.9,126.2,266.12,1703.31,0.774,780.43,4297.13,1.02,2.61,14.785,222.57,29.051,1112.21
20091022,45.35,192.23,62.9,1898,0.0638,144.22,28201,160.05,69.81,246,123.81,266,1671,0.755,749,4301,0.998,2.615,14.41,231.6,28.837,1125
20091023,45.2,193.5,64.66,1902,0.0636,153.91,27750,158.5,69.81,246,124.86,271.44,1689.99,0.771,757,4298,1.03,2.6,14.89,230.49,28.949,1070.16
20091026,44.65,193.8,64.1,1875.55,0.0638,149.99,28000,156,69.23,244.78,125.22,270,1714.99,0.78,758.01,4245,1.135,2.699,14.956,224.88,28.863,1105
20091027,43,189.73,63.28,1855,0.0633,147.3,27188.32,151.72,68.85,240.32,124.77,266,1644,0.772,739.02,4230.77,1.105,2.618,14.611,216.5,28.047,1080
20091028,42.29,178.59,60.89,1744,0.0591,130.11,25250,147.15,65.08,227.5,113.7,255.11,1555.54,0.72,730.5,3931.36,1.042,2.399,14.647,204,26.64,1000.05
20091029,42.4,184.1,62.21,1788,0.0617,137,25750,157,67.62,232.99,118,255.2,1597,0.738,737,4042.03,1.024,2.446,14.51,208.78,27.05,1025
20091030,39.88,175.9,70.23,1704.83,0.0582,132,24650,148.88,64.61,222.9,115.08,250.85,1505,0.72,732.86,3861.1,0.992,2.425,14.8,203.49,25.576,1000.01
20091102,40.67,180.99,64.94,1716,0.0593,131.49,25039.99,155,66.48,226.5,118,253.77,1555,0.722,724.16,3947.17,0.994,2.394,14.52,206,26.466,1027.5
20091103,39.35,174.18,62.22,1652.6,0.0557,126.2,24050,149.95,63.26,216.98,116.65,241,1536.06,0.698,720,3826.15,0.922,2.316,14.229,199.5,25.348,998.02
20091105,40.2,180,64.4,1703.01,0.0576,136.67,24198.98,150,64.89,224.86,116.65,250,1649.87,0.705,728.86,3965,0.903,2.267,16.465,205.5,25.85,1049.99
20091106,40.89,174.95,62.49,1655,0.0579,131.67,23500,145,65,223.62,121,259,1672.33,0.7,720,3898.97,0.875,2.174,15.599,204.11,25.08,1100.01
20091109,42,181.82,63.2,1740.97,0.0626,137.5,24680,150.05,69,238.3,129.98,269.5,1721.53,0.717,739.99,4091.4,0.897,2.201,16.26,214.98,26.375,1180
20091110,42.17,183.31,66.85,1745,0.065,140.39,25060.01,150.56,69.6,244,126.78,270,1705.07,0.727,740,4155,0.93,2.196,15.951,215.58,27.207,1165
20091111,42.9,181.2,66.25,1733.92,0.0631,138.9,25080,149.71,69.35,243.62,127.4,271.87,1746.99,0.742,730,4115,0.95,2.244,15.89,217.68,26.586,1150.01
20091112,41.8,179.35,66.01,1725,0.0631,137.1,23851.35,149.3,69.66,248.49,127.06,272,1712,0.744,730.11,4074,0.928,2.211,15.733,220.3,26.477,1150
20091113,42.97,178.9,65.36,1696,0.0636,137.5,22704,150.71,69.84,244.9,126,272.99,1701.01,0.74,723.96,4070,0.924,2.248,15.65,220.8,26.02,1150.01
20091116,45.02,186.39,66.9,1779.89,0.0664,143.99,23589.99,155.11,73.75,257.29,130,278.62,1712,0.767,724,4240,0.962,2.439,15.882,225.67,27.27,1174
20091117,44.15,183.15,72.64,1790,0.0657,141.4,22984,154.2,73.19,254.5,128.75,276.99,1693,0.76,719.5,4195.85,0.945,2.38,15.596,224.3,27.355,1171
20091118,45.52,184.66,73.1,1823.99,0.0656,143.47,22800.15,155.9,73.39,261.35,130.85,280,1693,0.764,720.1,4250.92,0.948,2.38,15.7,230.89,27.285,1170
20091119,46.5,180.7,70.39,1779.89,0.0634,137.6,21726,153.55,71.22,252.9,130,281.5,1626.03,0.757,717,4106.96,0.918,2.363,16.753,223.44,26.6,1177
20091120,46.01,177.99,69.99,1755,0.0634,135.7,21953.86,155.5,71.2,248.21,132.5,284.02,1693.67,0.756,722.99,4107,0.917,2.38,16.486,226.51,26.3,1190
20091123,46.5,179.2,70.47,1765,0.0644,137.18,22040,158.3,71.65,258,134.99,283.98,1717.01,0.762,718,4120.12,0.919,2.379,17.061,229.55,27.7,1171
20091124,46.2,175.91,74.5,1721.18,0.0644,136.31,21847,160,71.2,254.34,133.51,282.49,1670,0.754,713.52,3981.82,0.903,2.35,17.25,223.88,27.411,1194.98
20091125,45.74,171.99,73.1,1686.15,0.0637,135,21600,156.51,69.98,248.81,132,283.6,1678,0.73,717,3985,0.882,2.322,17.499,222.21,27.2,1182
20091126,43.7,167.19,70.32,1667.99,0.0607,133.7,20822.8,155,67,239.69,127,279.9,1603.06,0.717,716.69,3870,0.847,2.357,18.4,215.93,25.751,1132
20091127,43.95,169,68.89,1705,0.0625,135.15,21830,154.89,67.4,239.47,127.5,275,1580,0.705,725.45,3980,0.83,2.295,16.899,218.83,26.199,1195
20091130,43.7,166.49,67.5,1686.86,0.0619,132.64,21449.99,153.39,69.21,233.81,129.01,290,1571.01,0.693,732,4049.83,0.815,2.209,16.089,219.3,25.89,1161.5
20091201,45.13,168.59,68.02,1724.99,0.0651,140.36,21799.99,159.17,71.11,246,131.8,284.5,1634.99,0.708,742,4090,0.818,2.224,15.82,228,26.9,1160
20091202,45,167.5,68.24,1730.07,0.0653,143.25,21480,161.7,71.4,248.52,132,284.9,1663,0.719,740,4228.06,0.82,2.216,15.583,229.37,26.823,1130
20091203,44,163.28,68.72,1683.69,0.0641,143.54,21168,162.06,72.46,243.1,132,286.99,1630,0.749,735.25,4177,0.846,2.305,16.09,225,26.367,1140
20091204,44.64,168.55,68.72,1727.83,0.0664,144.33,21592.76,169,74.62,252.39,134.05,290.02,1625,0.75,742,4227.13,0.858,2.297,15.99,229.5,26.901,1159.99
20091207,44.1,166,69.01,1693,0.0654,140.75,21418,170.6,73.66,247.6,132.34,288.65,1600.93,0.735,768.78,4122,0.848,2.29,16.12,226,26.6,1144
20091208,43.39,167.2,68.18,1645.3,0.0644,139.6,21000,170.9,72.4,243,131.81,298,1606.01,0.723,774.78,4178,0.842,2.3,15.58,225.5,26.54,1135
20091209,44.3,167.01,68.25,1610,0.0645,138.8,21141.9,169.99,73.4,239.51,132,292.2,1595.43,0.72,778.41,4117.82,0.863,2.295,15.389,224.9,26.452,1090
20091210,44.05,166.09,68.7,1610.05,0.0648,141.21,21159.9,169.6,74.16,242.79,134.39,287.8,1586,0.733,780,4112.51,0.877,2.259,15.339,224.25,26.511,1100
20091211,45.16,166.11,67.56,1598.01,0.0649,141.6,21120,171.11,74.99,240.51,135.64,290.9,1570.58,0.745,780,4061.2,0.905,2.269,15.5,224.27,26.347,1122.1
20091214,47,167.09,66.48,1625.05,0.0649,140.46,22735.27,171.33,76.21,242.55,139.02,294,1597.01,0.756,792.99,4122.69,0.927,2.282,15.376,228.6,26.401,1128.98
20091215,47.72,172.19,66.06,1649.99,0.0659,138.26,24150,173.63,77.23,245.8,138.71,292.01,1599,0.754,795.5,4175,0.94,2.305,15.2,224.8,26.615,1122.5
20091216,47.79,181.02,69.24,1712.95,0.0693,140.44,23960,176,82,261.4,138,294,1627.9,0.757,789.99,4290.44,0.95,2.33,15.35,226.96,27.959,1159.54
20091217,46.1,177,68.17,1655.56,0.0675,134.33,24050,169.28,81.16,253.49,139.25,295.97,1625.97,0.756,799.98,4199.99,0.946,2.294,15.055,225.4,27.402,1190.5
20091218,47.09,181.6,70.5,1663.09,0.0704,129.54,24398.99,165.81,81.19,256.09,141.45,294.45,1616,0.767,784.99,4177.01,0.951,2.32,15.135,227,27.425,1208.73
20091221,47,183.9,69.19,1665.83,0.0714,129.8,24469.99,164.4,81.21,255,142.71,298.5,1627,0.754,786,4229.99,0.942,2.288,15.037,229.7,27.069,1198.9
20091222,48,182.51,67.5,1670.89,0.0698,126.9,23920,162.25,81.4,252.97,146.39,296.02,1580,0.748,777,4181.03,0.945,2.271,14.771,227.75,26.468,1175
20091223,52.15,184.77,66.64,1676.49,0.0701,126.41,23865.1,163.2,80.71,253,146.99,290,1601.98,0.741,775,4225,0.943,2.21,14.65,223.49,26.311,1153
20091224,50.16,180.99,65.9,1665.06,0.0695,125.14,23389.9,163.99,80.9,249,145.48,280,1567.87,0.721,782,4144.94,0.923,2.185,14.5,222.57,26.111,1155
20091225,49.48,182.2,65.14,1671,0.0704,125.8,24090,163,80.92,251,145.81,275.33,1576.52,0.718,781.5,4165.07,0.922,2.19,14.669,222.25,26.299,1148.24
20091228,50.03,181.11,64.74,1693.73,0.0695,125.68,24224.9,164.34,80.37,254.25,146.1,279.8,1591.47,0.726,775.01,4213.94,0.913,2.198,14.501,222.48,26.5,1111
20091229,51.54,183.74,64.22,1708.05,0.0705,125.6,23799,165.28,81.02,252.42,143.12,278,1586.99,0.734,795,4262,0.924,2.157,14.399,221.6,26.962,1141
20091230,53.14,181.7,64.13,1688.06,0.0696,126.2,23707.77,162.7,81.81,251,145.54,279.5,1587,0.742,809,4244.12,0.92,2.155,14.591,219.41,26.6,1183
20091231,52.5,183.09,64.52,1693.38,0.0695,125.5,23570.16,163.73,82.94,252.01,146.5,282.7,1587.05,0.739,812.52,4235.74,0.919,2.157,14.8,220.98,26.834,1180
20100111,54.26,194.5,66.5,1750.98,0.0726,143.4,24490,170.68,86.69,271.7,156,293.57,1634.04,0.749,854,4695.4,0.958,2.298,14.989,228.9,28.289,1239
20100112,54.25,191.8,75.3,1719.82,0.0727,143.8,24300,169.6,85,266.52,158.96,294.5,1629.98,0.74,845,4640.06,0.95,2.3,15.693,226.7,27.563,1285
20100113,53.5,189.3,73.6,1709.44,0.0744,142.26,24500,166.75,86.61,267.54,165.12,296.05,1602.02,0.738,841.5,4654.14,0.96,2.35,15.276,225.6,27.739,1319.99
20100114,54.6,190.83,72.39,1726.8,0.0743,143.99,25181,167.4,87.55,268,175.62,296,1605.99,0.737,849,4892.94,0.98,2.414,15.336,226.79,27.679,1399
20100115,54.65,187.86,70.49,1731.95,0.0746,142,25900,166.09,88.15,268.5,174.98,295,1598,0.748,877,4884.62,1.012,2.45,15.3,228,27.487,1369
20100118,54.5,190.4,70.86,1745,0.075,145.9,27966.99,166.18,90.49,270.87,178.6,291.99,1612.11,0.757,864.99,5027,1.008,2.47,15.225,240,27.987,1371
20100119,54.87,189.76,70.3,1749,0.0758,145.25,27572.01,163.3,92.02,269.73,176.77,292.03,1600.85,0.757,856.5,5040,1.028,2.55,15.137,237.95,27.85,1340
20100120,54.99,185.98,69.3,1726.9,0.0747,141.87,26460,162.02,90.62,264.8,176.6,289,1592.97,0.748,866,4945,1.026,2.542,14.85,235.5,27.439,1350.01
20100121,54.9,182.76,67.49,1699.98,0.0742,139.73,26100,161,89.18,257,173.1,287.69,1551.03,0.748,859.99,4902.94,1.009,2.523,14.79,231.4,27.142,1351
20100122,52.14,181.5,68,1675.99,0.0712,135.4,25699,155.35,86.5,248.32,169.16,286.5,1529,0.731,843.64,4809.15,0.981,2.468,14.713,229.57,26.604,1295
20100125,52.48,182.85,67.49,1675,0.0721,131.12,25456,157,88.07,251.5,166.8,280.11,1538.02,0.745,852.14,4720,0.982,2.5,14.436,231.88,26.41,1280
20100126,52.54,181.29,66.92,1631.37,0.071,129,24920,151.66,85.84,238.49,162.01,280,1519.98,0.759,847.04,4589.96,0.956,2.405,14.2,229.46,25.82,1230
20100127,53.8,182.01,67.98,1638.96,0.072,130.4,24800.01,151.6,86.64,234.05,161.6,280.1,1523,0.83,854.95,4622.96,0.988,2.465,14.25,230.5,25.45,1215
20100128,54.65,182.3,72,1656.1,0.0743,130.5,25287.34,151.29,87.15,237.48,166.89,277.97,1502.1,0.863,862,4722,0.999,2.495,14.52,232.43,26.052,1242.3
20100129,56.48,186.44,70.47,1686.73,0.0754,130.97,25390,152.95,88.41,236.25,167.7,279.35,1494,0.855,870,4711.33,1.028,2.504,14.4,233.1,25.655,1230
20100201,56.51,189.85,71.61,1685.3,0.0749,130.1,25415.01,150.2,87.69,233.5,170.3,279.09,1484.9,0.847,868.05,4674.9,1.009,2.493,14.256,237.67,25.382,1240.2
20100202,57.01,192.21,72.7,1711,0.0759,132.25,26234.99,153.44,88.05,241.99,171.7,280.97,1497.86,0.885,880.05,4780,1.022,2.548,14.581,239,25.771,1291.16
20100203,56.35,192.7,73.45,1694.88,0.0757,137.99,26150,154.5,88.08,237.61,171.71,279.05,1497.98,0.9,888.8,4729.38,1.038,2.634,14.665,237.6,25.73,1319
20100204,54.38,186.59,69.8,1661.06,0.0755,134,25125,149.5,84.77,231.7,170.5,284,1488.99,0.85,888.6,4587.94,0.99,2.656,14.21,234.2,25.338,1329.98
20100205,52.51,182.31,70,1617.04,0.0721,131.72,24237,143.7,83.09,223.55,163.7,276.92,1425.16,0.815,897,4484.99,0.967,2.551,13.734,227.39,24.7,1265.17
20100208,51.19,175.31,70.73,1580.06,0.0702,128.7,23501.02,142.5,79.01,216.88,161.51,275.98,1420.67,0.832,890,4500,0.937,2.508,13.654,226.02,24.399,1270
20100209,52.3,174.91,72,1594.29,0.0718,132.38,24000,142.51,80.35,220.67,162.49,277.94,1447.99,0.857,912.92,4575.09,0.933,2.44,13.752,228.32,24.431,1317
20100210,51,171.48,73.2,1563.04,0.0708,131.84,23756.51,142.02,81.49,219,161.3,275.99,1450,0.89,930,4472,0.93,2.415,13.265,227,24.2,1277
20100211,51.54,168.4,79.5,1554,0.0715,135,23877.99,142.2,82.67,223.93,158.5,275,1445,0.93,967,4431.33,0.941,2.416,13.4,227.86,24.354,1269.74
20100212,50.38,163.04,75.39,1517,0.0707,133.5,22989.98,136.25,80,222.6,154.7,273.48,1447.99,0.933,953,4411,0.929,2.418,13.34,227.97,23.901,1286.99
20100215,51.03,164.45,72.48,1547.55,0.0713,136.52,23440,137.44,80.38,225.7,155,272.93,1424.9,0.933,964,4490,0.945,2.412,13.417,228.93,24.496,1337
20100216,54.01,172.18,73.7,1583.75,0.0744,141.49,24729.99,142.7,83.25,233.45,163.55,278.88,1453.48,0.929,971,4633.06,0.957,2.408,13.725,233.7,24.995,1370
20100217,56.59,171.35,74.24,1566.01,0.0741,140.99,24161,144.55,82.47,231.39,166.92,287.99,1453.94,0.935,967,4592,0.964,2.42,14.139,232.31,24.702,1360
20100218,55.7,168.4,74.3,1563.09,0.0729,137.19,23870,142.38,79.89,229.2,163.65,290,1453.98,0.931,969,4620,0.95,2.41,14.306,230.7,24.451,1360.01
20100219,55,171.83,75.7,1589.88,0.074,132.2,23837,142.57,79.17,236.25,163,285,1452.01,0.933,970.01,4710,0.954,2.41,14.43,229.99,25.009,1439.99
20100224,55.75,171,75.6,1566.83,0.0743,128.43,23675.05,138.9,75.99,230.25,163.5,290,1453.02,0.918,966.96,4536,0.96,2.391,14.2,230,24.8,1410.5
20100225,54.77,165.48,74.96,1548.88,0.0715,127.42,23175,135.8,74.88,227.11,160.61,288.55,1457,0.91,959.01,4438.05,0.951,2.303,14.054,228.2,24.184,1403
20100226,55.4,166.72,76.11,1579.85,0.072,126.76,23500,138.25,75.15,230.95,164.08,289.95,1460.03,0.925,957,4525,1.023,2.383,14.299,233.27,24.689,1450
20100227,55.5,167.61,76.9,1574,0.0738,128.05,23623.99,139.72,76.3,231.2,165.49,290.49,1470.08,0.945,957,4590,1.016,2.452,14.449,234.99,24.4,1464.99
20100301,55.25,168.2,76.95,1602.37,0.0757,129.45,23849.1,140,80.26,235.11,168,288,1461.14,0.952,970,4721.4,1.063,2.431,14.497,235.29,25.19,1420.99
20100302,54.85,169.51,78.29,1622.5,0.0762,122.2,24251,140.69,82.44,236.53,170,290.8,1452.03,0.95,972,4717,1.107,2.399,15.38,237.37,25.18,1400
20100303,55.1,170.1,79.1,1624.16,0.0769,125.14,25045,143.05,82.92,238.35,173.85,310,1460,0.979,975,4806.41,1.159,2.4,15.187,237.01,25.55,1402
20100304,54.8,172.27,80.08,1626,0.077,124.88,24799.99,146.38,82.95,238.5,177.7,308,1446.3,0.963,975,4852.15,1.189,2.405,15.487,234.92,25.859,1400.01
20100305,55.05,176.8,81.22,1641.86,0.0778,124.19,25285.17,148.66,87.2,243.44,187,306.55,1453.62,0.973,974,4933,1.238,2.469,15.447,239.23,26.203,1412
20100309,54.47,175.47,80.02,1603,0.0789,121.9,24993.01,145.73,89.41,239.78,190.01,312,1438,0.974,974.99,4860,1.281,2.505,15.16,238.99,26.1,1416
20100310,54.36,173.77,78.79,1576,0.0783,123.3,24851.33,140.94,87.14,237.5,187.6,320,1449.01,0.982,972.99,4894.88,1.28,2.567,14.667,239.92,25.908,1405.01
20100311,54.25,170.62,77.81,1580,0.0772,125.14,24760,139.31,87.41,237.56,187.5,321.1,1450,0.987,973,4870,1.292,2.575,15.089,238.51,25.45,1399
20100312,55.55,172.71,78.81,1603.66,0.0791,126.17,24869.99,140.41,89.1,239.17,191.5,317,1455.02,1.007,979.01,4960,1.283,2.588,14.965,240.6,25.82,1389.62
20100315,55.19,169.27,78.96,1590.88,0.0784,124.9,25100,140.7,87.82,235.59,186.5,315.84,1450,1.003,982,4895,1.275,2.599,14.749,238,25.702,1315
20100316,56.34,171.35,77.75,1633.14,0.0804,126.5,25560,146.4,89,237.66,191.45,316.49,1449.99,1.068,969.07,4975,1.385,2.64,14.8,244.6,25.869,1283.09
20100317,57.15,171.94,78.71,1690.75,0.0812,127.26,25856.69,154,89.35,233.35,200.1,323.97,1465,1.088,967.07,5067.01,1.435,2.7,15.349,244.58,25.849,1280
20100318,59.62,170.6,78.18,1704.1,0.0807,127.25,25260,154.82,89.7,232.4,198.9,324,1551.44,1.056,968.06,4982.91,1.425,2.643,15.211,244.62,26,1265
20100319,60.3,167.06,77.98,1688.25,0.079,125.48,25529.99,159.61,88.04,228.52,205,330.57,1520.99,1.12,965,4987.75,1.49,2.665,15.098,245.5,27.97,1241.99
20100322,59.91,169.29,76.2,1689.96,0.0782,123.2,25877,158.9,86.34,225.1,199,328.37,1504.46,1.125,961,4927.2,1.437,2.65,14.86,248,27.778,1235
20100323,61.34,167.6,76.21,1664,0.0794,120.5,25920.02,158.06,86.03,223.83,201.35,315.2,1471,1.129,961.75,4983.94,1.419,2.59,15.217,246,28.03,1235
20100324,61.3,164.85,75.8,1648.95,0.0785,121.68,26389.97,153.96,86.95,225.7,207.5,315.39,1449.99,1.12,968.86,4931,1.408,2.556,15.19,247.3,27.88,1230
20100325,61.9,162.3,75.12,1631.1,0.0791,122.45,28700,154.48,86,225.5,207.49,314,1450,1.104,961.72,5040,1.432,2.533,15.2,252,28.195,1224.99
20100326,63.99,161.1,74.86,1646,0.0788,122.49,30300,156.58,84.6,233.41,214.87,314.25,1451,1.144,968.51,5154,1.487,2.661,15.2,253.84,28.129,1219.5
20100329,64.4,164.55,74.69,1674.1,0.0806,122.7,29372,158.69,85.46,235,216,317.84,1448,1.182,968,5387,1.609,2.685,15.061,255.56,29.28,1250
20100330,65.7,170.44,74.75,1665,0.0793,122.75,31420,154.1,85.1,235.2,215.65,314.98,1433,1.25,968,5390,1.66,2.792,15.269,254.48,29.113,1210
20100331,68.01,171.5,75.39,1670.5,0.0807,123.67,33927.08,154.01,85.8,233.56,216.9,311.8,1447.98,1.257,965,5430,1.724,2.809,15.389,253.7,28.89,1240
20100401,67.99,175,75.77,1696,0.0812,123.26,35900.01,158.31,87.83,237.1,215,311.5,1455.86,1.28,950.99,5639.88,1.777,2.802,15.33,255.61,29.349,1244
20100402,68.85,175.34,76.32,1701,0.0811,122.96,36000,162.5,88.18,235.82,215.45,310,1450.01,1.325,965.5,5628.3,1.946,2.909,15.68,257.64,29.025,1225.4
20100405,68.35,175.88,76.97,1729.5,0.0815,122.66,39159.5,162.65,88.6,236.6,224,313.54,1440.01,1.517,969.98,5600.58,1.963,2.87,15.9,257.07,29.199,1221.98
20100406,70.13,177.1,76.11,1767.67,0.0829,124.22,36550,167.65,88.6,248.4,221.99,313.55,1445,1.482,969,5545,1.91,2.773,15.859,257.33,29.56,1217.42
20100407,68.93,174.99,75.49,1750.63,0.082,127.88,34700,165.52,86.3,246,214.22,307,1469,1.348,966,5410,1.73,2.68,15.46,257.69,29.11,1206.99
20100408,66.7,174.54,74.4,1728.83,0.0823,128.8,35501.69,164.41,84.94,249.61,213.22,305.31,1464,1.376,969,5453,1.77,2.725,15.429,262.15,28.776,1204.8
20100409,67.67,175.15,75,1740.06,0.0837,134,37450,167,86.88,254.95,215,306.88,1448.99,1.428,977,5541,1.849,2.803,15.55,261.98,29.101,1164.99
20100412,66.3,175.93,74.94,1745.74,0.0839,132.25,37500.06,167.55,86.54,252.99,214.87,307,1454.04,1.419,983.1,5614.84,1.811,2.765,15.59,263.49,29.001,1161.01
20100413,66.4,174.3,74.7,1728.91,0.0841,130.6,37040,165.77,87.2,247.5,218.89,307.77,1477.68,1.421,1009.78,5638.9,1.815,2.76,15.48,264.29,29.001,1163.17
20100414,66.7,181.4,74.4,1745.96,0.0855,133.5,36600,169,89.2,250.52,220,308.45,1462.47,1.418,999.99,5760,1.84,2.77,15.26,273.49,29.329,1164
20100415,65.3,185.16,74.8,1765.05,0.0852,133.48,35199.99,170.45,89.3,249.99,222.3,325.45,1474.99,1.36,1000.6,5811.41,1.804,2.699,15.041,270.2,29.5,1165
20100416,65,179.99,73.25,1730,0.0839,130.5,34000,164.65,86.99,245,216.5,317,1457.36,1.303,999.99,5641.83,1.746,2.604,14.91,266.5,28.95,1159.96
20100419,62.2,174.51,71.15,1684.18,0.079,125.35,32660.2,159.4,85.2,238.31,209.5,304,1431.21,1.26,987.65,5529,1.776,2.516,14.4,258.22,28.8,1143.5
20100420,64,175.15,73.05,1689.2,0.0797,127.71,32949.99,161.85,86.7,242.6,214.7,303,1440,1.279,980,5609,1.83,2.55,14.634,262.32,28.82,1143
20100421,63.05,173.09,74.62,1698.89,0.079,126.9,32751,159.99,85.5,242.5,213.7,306,1443.05,1.259,973,5489.79,1.84,2.509,14.3,262.25,29.2,1138
20100422,62.7,170.7,71.5,1682.22,0.0774,124.11,32600,157,84.45,238.54,211,300.51,1393.99,1.245,964.85,5360.05,1.795,2.507,14.454,261.5,28.799,1138
20100423,62.99,175,73,1702.89,0.0786,126.55,32781,161.74,84.42,242,211.25,306.98,1405,1.255,971,5592,1.885,2.506,14.65,262.5,29.145,1137
20100426,64,177.99,73.2,1726,0.0801,128.43,32559,163.83,84.81,244.3,213,313,1422,1.275,980.07,5670,1.915,2.526,14.728,267,29.2,1144.99
20100427,62.7,175.6,72.5,1705,0.0788,128.02,31501,161.7,82.93,241.01,209,311.89,1405.01,1.235,994.32,5602.01,1.83,2.491,14.5,269.9,28.97,1137.88
20100428,61.05,170.56,71,1673.11,0.0768,123.33,30650,158.6,79.53,240,199.5,306,1404,1.2,961,5452,1.777,2.411,14.1,267.95,28.42,1129.96
20100429,63,174.5,72.6,1682,0.079,127.01,32580,160,80.95,241.7,207.47,306.44,1380.99,1.235,970.21,5727,1.811,2.419,14.103,267.37,28.749,1129.78
20100430,62.17,170,71.79,1670.48,0.0788,125.5,31826.01,157.6,78.6,237.19,207.58,303.52,1381.85,1.226,965.6,5652.9,1.801,2.457,14.066,266.99,29,1126.97
20100504,59.81,164.23,69.35,1650,0.0759,124,31907.83,154.26,75.85,228,202,309.8,1358,1.18,958,5305.08,1.67,2.349,13.45,264.99,28.48,1059.9
20100505,58.1,164.2,67.48,1677,0.0747,120.32,30700,148.78,75.17,223.2,198.75,299,1373,1.148,975.05,5075,1.634,2.341,13.154,261.71,28.571,1070
20100506,58.32,163.79,67.68,1656.52,0.0721,120,28850,143,73.85,221.12,194.5,300,1383.89,1.118,962,5004,1.565,2.216,13,261.2,28.94,1071.07
20100507,54.37,155,63,1600.02,0.067,109.86,25550,133.13,70.35,207.45,173,295,1348.61,1.027,945,4624.94,1.38,2.19,11.698,247,27.711,999.9
20100511,55.8,160.09,64.74,1605.01,0.0726,113.4,26800,138.1,75,218.31,132.39,315.2,1365,1.12,962.01,4829.6,1.484,2.248,12.07,251.15,28.989,1017.02
20100512,59.7,166.07,67.15,1625.9,0.0755,117.19,29000,141.2,81.93,228.55,148,335,1428.88,1.23,975.85,5034.93,1.61,2.34,12.45,254.5,29.449,1020
20100513,60.2,162.9,66.17,1605.72,0.0751,116.18,28001,141.32,80.8,226.4,149.8,334.9,1423,1.216,961.35,5058.64,1.59,2.323,12.501,251.65,29.351,1074
20100514,58.7,159.86,65.46,1589.96,0.0728,114.91,28100,137.5,77.43,221.8,147.94,333,1428.99,1.167,961,4975,1.525,2.258,12.07,248.56,28.599,1041.5
20100517,59,161.38,66.46,1580,0.0737,114.01,28500,137.5,76.01,220.02,145,344,1433.71,1.146,979,5186.82,1.501,2.279,12.1,248.5,28.855,1035.08
20100518,59.9,163.28,69.45,1558.12,0.0743,112.5,29120,135.28,77.12,226.6,146.07,338.5,1418,1.2,970,5136.91,1.589,2.352,13.063,246.35,28.444,1035
20100519,58.3,157.81,69.52,1523.5,0.072,107.5,27300,130.5,73.68,215.9,141,335.79,1435,1.153,952.35,5050,1.513,2.244,12.298,239.04,27.002,980
20100520,57.11,151.05,67.03,1475,0.0691,101,26299.47,125.2,69.9,206.1,134.01,330,1360,1.081,972.66,4895.48,1.428,2.23,11.879,230.6,26.052,940
20100521,56.45,150,66.4,1474.93,0.0694,97.9,26715,125.03,69.3,208.89,138.98,326,1339.98,1.105,961,4980,1.407,2.261,11.59,233.98,26.062,900
20100524,56.08,151,70.14,1477.11,0.0701,99.8,27055,124.35,69.96,208.57,139.75,328,1314,1.097,958,4830.08,1.415,2.26,11.945,230.2,26.898,910
20100525,53.06,143,65.01,1400.93,0.0659,94.49,24800,113.13,64.33,195.44,133,316,1328,1.027,944,4686.15,1.346,2.166,11.082,217.64,24.75,870
20100526,56.7,158.44,66.47,1451.31,0.0691,100.25,25651,105,69.12,216,156,330,1287,1.12,961.01,4694.97,1.406,2.276,12.05,225.99,25.555,887
20100527,56.77,158.46,67,1503.99,0.0726,106.02,26299.99,115.87,70.65,221.51,144.74,329.83,1448,1.195,978.89,4917.84,1.459,2.4,12.499,230.4,27.75,893.99
20100528,56.17,157.88,68.33,1476.78,0.0724,114.5,26050,119.52,70.2,225.96,145,345,1484.96,1.208,975,5033.93,1.457,2.37,12.7,230.46,27.399,960
20100531,57.1,159.84,72.99,1523.06,0.0741,117.99,26695,121.18,71,228.86,148.9,355,1490.02,1.2,970.19,5018.89,1.475,2.46,13.1,233,28.39,982
20100601,57.4,159.26,70.88,1508.1,0.0751,117.45,26285,118.5,70.7,225.3,142,373,1513.2,1.18,968,5161.02,1.475,2.459,14.3,229.93,27.39,970
20100602,60.45,163.8,70.56,1549.93,0.0753,123.42,26789.18,121.75,70.95,226.5,140.89,377.71,1519,1.157,968,5168,1.486,2.4,13.599,230.64,28.551,985
20100603,61.51,164.98,70.76,1591,0.0769,121.28,27279.93,123.9,72.01,224.7,140.39,371.01,1524.99,1.171,989.99,5060,1.55,2.461,13.664,237.85,28.57,1005.02
20100604,60.2,163,70.45,1621.97,0.0743,117.21,27000,120.96,70.25,222.47,137,372,1529.99,1.154,990,4921,1.57,2.37,14.6,233.94,27.612,1001
20100607,58.72,160.59,67.75,1615,0.0732,116.8,26525,116,71.14,222.98,132,375,1492.66,1.13,982.01,4867.86,1.602,2.327,13.901,231.55,27.501,980
20100608,58.5,157.37,68.75,1595,0.0704,113.02,25531,114.5,70.95,214.2,131.02,394,1510.17,1.12,971,4812.78,1.547,2.197,13.711,230,27.09,980
20100609,58.77,158.2,69.2,1605.7,0.0717,115.87,26170,113.69,71.9,214.57,132.9,410,1495,1.128,971,4915,1.578,2.19,13.859,232.9,27.444,993.33
20100610,59,157.79,68.2,1671.95,0.0731,116.49,26500,117.35,73.29,216,132.02,398.97,1495.35,1.147,988,5018.1,1.615,2.16,13.681,233,28.871,979.99
20100611,59.16,156.44,67.3,1680,0.0734,119.2,25839.99,115.7,72.19,215.06,131.31,400.6,1486.98,1.146,975,5003,1.614,2.165,14.672,231.89,29.203,977.99
20100615,61.39,159.71,68.69,1697.18,0.0765,121.15,26453.5,122,76,221,133,402.99,1501,1.186,983.79,5123.98,1.692,2.22,14.494,236.84,29.321,982
20100616,60.93,158.8,68.13,1713,0.0774,119.1,26103.22,122.4,76.71,218.29,136,395.73,1492,1.178,999,5086,1.705,2.227,14.299,234.26,28.794,980
20100617,61.8,156.6,67.48,1662.95,0.0773,120.78,26150,125.9,78.5,206.26,137.9,395.95,1513.1,1.167,984.95,4940,1.698,2.198,14.153,233.87,28.471,950
20100618,62.4,159.4,68.45,1653.11,0.0788,118.8,26400,129.49,80.3,207.8,137,403.95,1520.05,1.173,985.03,4910.13,1.715,2.217,14.453,232.95,28.675,969
20100621,63.49,162.88,69.66,1695.2,0.0803,122.56,28556.98,131.4,84.02,210.13,140.5,414.3,1612.1,1.219,1005,5095,1.754,2.29,14.6,234.3,29.472,970
20100622,62.3,159.44,72.2,1685,0.0789,121.71,28740,126.32,82.41,205.28,138.7,419.82,1594.74,1.208,999.99,4989,1.707,2.297,14.537,232,28.93,964.99
20100623,60.51,158.11,71.77,1700,0.078,118.07,27965.01,123.8,80.85,202,138.99,422,1618,1.21,1000,4940.6,1.692,2.266,14.495,231.99,29.399,945.99
20100624,60.78,154.7,70.4,1685.99,0.0786,117.45,28745,123.37,80.28,198.69,136.51,403.5,1596.99,1.196,999,4890.01,1.652,2.23,14.223,236.5,28.999,920.95
20100625,59.69,152,70.19,1701.34,0.077,116.92,28444,123.65,78,196.27,132.59,408.29,1615,1.169,1001.4,4800.04,1.59,2.214,13.851,243.63,28.6,899.99
20100628,59.5,154,70.8,1685,0.0794,116.73,28880,123.35,80.13,203.06,131.5,405.45,1605,1.172,1001.14,4876.57,1.618,2.24,13.705,246,28.889,900
20100629,56.03,149.85,67.33,1648.35,0.0769,114.07,27400,118.98,77.5,194.49,127.1,397.9,1578.99,1.111,995,4720,1.519,2.175,13.21,234,28.327,861.37
20100630,57.34,149.1,66.5,1615,0.0754,113.2,27075.55,118.5,76.5,192.9,124.5,402,1629.99,1.112,998,4495,1.494,2.171,13.351,236.7,27.9,844.99
20100701,54.77,143.2,64.48,1550.09,0.0708,111.7,25506,111.41,71.9,185.09,124,394,1512,1.043,995,4368.85,1.405,2.14,13,227.51,26.589,827
20100702,55.69,148.25,64.9,1586.4,0.0734,114.86,26700,113.47,72.98,189.01,124.69,413,1518,1.074,990,4505,1.464,2.151,13.243,230.6,27.341,835
20100705,57.05,148.05,65.36,1584.79,0.0748,115,26500,114.35,73.37,187.71,124,408.36,1500.87,1.077,990,4618,1.46,2.181,13.186,232.9,27.5,843.99
20100706,58.8,152.38,66.94,1604,0.0776,118,27739.29,119.99,76.7,193.15,125.1,415.89,1505.23,1.125,980.02,4739.9,1.542,2.316,13.5,237.12,27.955,917.9
20100707,59.02,153.47,67.41,1600.7,0.0773,116.39,27750,120.7,77.49,191.05,124.48,415,1461.9,1.108,991.27,4785.62,1.55,2.35,13.55,238.17,27.702,910.32
20100708,59.77,151.97,66.5,1596.94,0.0768,117.77,27902.01,118.78,77.18,188.24,122,409,1461.89,1.108,981.01,4758.26,1.55,2.422,13.532,242.26,27.64,908.6
20100709,61.22,154.2,66.48,1591.94,0.0769,117.92,27851,118.52,77.66,187.72,122.8,400,1453.92,1.106,981,4815,1.554,2.47,13.58,240.4,27.677,900.01
20100712,61.52,156.13,66.9,1625.23,0.0784,118.5,27956,118.51,79.8,189.7,121.76,401.28,1445.99,1.125,980,4914.09,1.572,2.482,13.5,242.34,28.026,904
20100713,62.15,159.03,67.25,1659,0.0797,118.33,28680,120.57,82.47,195.01,121.4,393.98,1445.01,1.139,980,4949.79,1.642,2.446,13.817,243,28.13,911.99
20100714,62.43,158.12,67.18,1631.82,0.0795,117.5,28173,118.5,82.06,193.01,122.6,395,1471,1.128,984.87,4917,1.615,2.47,13.85,239.89,28.391,923.94
20100715,62.23,157.1,65.97,1609.7,0.0785,119.45,27150.21,116,80.76,188.73,121,394.2,1445.01,1.105,982.93,4840.22,1.568,2.48,14,239.35,27.896,920
20100716,62.39,155.19,65.59,1592,0.0764,122.48,27050.01,116.38,79.07,185.51,118,380,1415,1.094,975,4815,1.545,2.449,14.21,240.26,27.646,935.02
20100719,62.27,156.69,64.92,1593.04,0.0774,122.4,27150.99,117.35,80.5,185.5,118.5,389,1425,1.092,980,4852,1.555,2.429,13.98,240.14,27.846,940
20100720,61.79,155.47,64.09,1593,0.0774,119.72,27114.99,118.2,79.8,183.58,117.99,388.7,1405,1.085,971,4829.31,1.545,2.4,13.655,239.49,27.888,955
20100721,61.85,158.25,65.03,1637.04,0.0792,122.75,27310,119.99,81.9,186.25,118,390,1435.53,1.091,979,4893,1.554,2.41,13.672,240.49,29.055,957.05
20100722,61.4,162.3,66.22,1670,0.081,124.19,27903.04,121.5,83.93,190.28,118.7,402,1441.03,1.098,987,5005,1.558,2.43,13.836,242.99,29.509,966.98
20100723,61.75,160.9,66.1,1680,0.0797,123.89,27752,121.26,83.01,199.5,118,409.96,1425.1,1.096,977,5073,1.56,2.445,13.801,241.78,29.856,974.79
20100726,61.48,162.13,65.77,1694.98,0.0809,123,29779.99,121.98,84.19,206.25,117.5,412.01,1414.5,1.103,980,5110,1.561,2.465,13.972,243.73,30.537,998
20100727,60.75,164.3,66.5,1690.24,0.0825,122.55,29451,123,84.62,208.43,117.7,407.22,1396.43,1.103,984,5052,1.565,2.5,13.816,243.23,30.707,1014.98
20100728,59.9,161.79,66.75,1749.99,0.0824,125.59,28950,120.83,84.28,201.99,117.84,402.29,1380.5,1.087,990,4989.94,1.566,2.53,14.02,243.81,30.247,1014
20100729,60.44,165.5,67.7,1759.05,0.0836,127.4,32090,124.93,86.58,205.43,118.2,400.89,1385.27,1.094,990.01,5074.48,1.57,2.54,14.187,244.15,30.8,1024.98
20100730,60.68,162.85,66.61,1720,0.0814,127.36,34278,123.3,84.56,203.19,119.56,399.98,1381.84,1.079,990.03,4970,1.549,2.532,13.98,240.5,30.792,1015
20100802,61.45,168.99,67.25,1724.92,0.0835,139.8,34400,128,86.58,209.3,129.73,404.6,1397.5,1.109,992,5120,1.616,2.583,14,241.6,31.207,1023
20100803,63.5,165.92,69.7,1693.5,0.0831,134.38,33151.19,126.5,85.84,206.8,134.64,403.94,1364,1.089,989.99,5039.99,1.6,2.558,14,244.5,30.479,1017
20100804,63.15,167.04,70.5,1684.47,0.0838,135.3,33531,128.9,85.84,208.5,139.2,404.5,1369.99,1.09,992,5069,1.611,2.58,13.844,243.5,30.565,1006.01
20100805,63,166.95,70.75,1700,0.0835,138.69,32800,127.45,84.3,207.5,138,404,1367.05,1.089,985.25,5100,1.64,2.619,13.882,244.38,30.46,1010
20100806,62.47,166.88,70,1696,0.0827,137,31749,126.2,82.83,204.99,136.37,395,1360.5,1.085,981,5025,1.629,2.64,13.84,244.16,30.211,1014.99
20100809,62.65,169.61,69.73,1706.05,0.0841,138.45,31760,126.5,83.68,207.16,136.5,395.73,1360.5,1.083,989.99,5183.01,1.663,2.66,13.765,244.79,30.373,1030
20100810,62,166.53,69.4,1674.67,0.0829,136.3,30600,122.79,82.8,202.99,133.14,389.94,1348,1.069,981.99,5154.08,1.64,2.611,13.68,243.69,29.675,1030.01
20100811,60,162.3,69.4,1657,0.0809,136.8,30950,121.5,80.93,199,139,384.72,1379,1.055,980,5048.94,1.609,2.612,13.56,244.11,29.302,1014.05
20100812,59.5,162.43,68.59,1660,0.0804,139.3,30744.9,119.82,80.92,200.51,144.47,382.89,1375.5,1.043,964,4990,1.596,2.549,13.424,243.28,28.98,1010.54
20100813,60.5,161.26,69.02,1650.09,0.0804,139.8,30800,119.69,80.71,200.1,145.8,369,1374.96,1.075,964,5010,1.614,2.53,13.7,243.5,28.701,1009
20100816,60.27,163.18,67.98,1650,0.0805,139.85,30556.63,119.51,79.97,201,147.97,362.09,1372,1.066,970,5085,1.61,2.501,13.72,243.3,28.3,1009.48
20100817,61.35,164.2,68.88,1652.01,0.082,149.4,31197.78,121.09,81.26,203.42,152.98,376.5,1385.35,1.077,984,5202,1.61,2.642,13.861,244.74,28.486,1011
20100818,61,162.4,68.72,1650,0.0813,146.97,30902.01,120.06,80.6,201.88,157.97,379.99,1390.9,1.072,979,5228,1.605,2.62,14.249,244.15,28.347,1043
20100819,60.98,160.1,68.8,1637.07,0.0806,143.48,31250,118.4,79.4,201.5,158.9,377.99,1418,1.066,975,5155,1.597,2.595,14.964,244,27.968,1067.01
20100820,60.47,158.73,68.21,1645.87,0.0801,141.86,31650.04,116.9,78.37,200.4,154,378.95,1390,1.062,975,5170,1.581,2.62,15.742,244.5,27.54,1055
20100823,60.4,159.11,69.54,1644,0.0801,140.76,32390.01,116.73,77.95,199.01,155.38,374.06,1387.96,1.063,969.99,5184.91,1.558,2.62,16.177,245.6,27.7,1049.5
20100824,59.47,156.6,69.2,1630,0.0786,136.5,31685.99,114.26,75.4,195.75,152,359.38,1380,1.053,972.81,5067,1.506,2.55,17.219,243.81,27.197,1024.99
20100825,58.21,155.61,71.95,1638.3,0.0765,135.6,33290,113.49,73.99,194.7,148.99,356.27,1384,1.044,960,5018,1.483,2.534,18.387,244.18,27.8,1040
20100826,59.17,158.7,72.1,1652.99,0.0787,138.02,33569.99,114.59,76.62,196,147.9,358.49,1383.99,1.054,974.68,5123.99,1.508,2.555,18.71,246.56,27.822,1045.99
20100827,61.38,158.56,70.71,1668,0.0795,142.19,33340,116.49,77.01,197,146.7,356.27,1389.93,1.075,979.88,5198,1.515,2.562,18.651,248,28.338,1045
20100830,61,159,72.5,1655.08,0.0796,140.48,33123,116.79,77.3,196,144.4,361.06,1390,1.079,976,5276.45,1.538,2.535,19.985,252.3,28.304,1033.5
20100831,61.1,159.15,71.6,1629.99,0.0793,142.3,32850,115.35,78.31,196.36,143.52,373,1411.01,1.075,973.47,5190,1.53,2.555,20.1,249.22,28.948,1030
20100901,63.2,161.79,74.1,1656.18,0.0826,146.1,33330,116.9,80.42,199.86,152.24,393,1416.01,1.082,973.96,5305.13,1.548,2.59,23.65,248.84,29.617,1029.99
20100902,62.75,162.8,73,1676,0.0828,146.02,33460,117.17,80.63,201.46,153,396.99,1437,1.079,973.01,5231.25,1.533,2.63,26.2,249.09,29.9,1060.02
20100903,63,163,73.4,1674.01,0.0844,145.54,33049.99,118.38,81.72,202.5,155,409,1441.9,1.065,972,5268,1.535,2.664,32.198,249.1,30.31,1069
20100906,63,162.95,72.67,1669.94,0.0848,142.81,32940,119.04,81.74,202,154.46,412,1432,1.1,970,5225,1.575,2.644,27.631,249.48,30.179,1080
20100907,62.7,161.54,72.49,1671,0.0836,142.7,32700,118.27,79.95,198.99,152.57,407,1418.95,1.093,974.99,5177.7,1.592,2.614,24.831,248.81,30.451,1086.5
20100908,63.35,164.14,72.59,1678,0.0855,146.6,33500,125,82.18,203.2,156.3,439.96,1424,1.097,974.95,5263.99,1.61,2.606,24.541,251.9,30.603,1120
20100909,63.5,165.53,72.49,1715,0.0883,146.54,34249.97,123.7,83.66,206.2,157,437,1424.98,1.097,975.99,5233.13,1.612,2.605,25.201,255.5,30.59,1146.42
20100910,63.62,164.4,74,1713,0.0886,146.5,34144,123.65,83.36,205.69,152.98,434.41,1410.05,1.105,971,5208.88,1.651,2.636,25.6,255.47,30.709,1142.5
20100913,63.75,165,75.3,1713.51,0.0899,146.85,33705,123.31,84.59,205.51,154,447.95,1405.01,1.099,970,5211.98,1.646,2.637,25.217,258.05,30.864,1145
20100914,65.82,163,74.88,1703,0.0899,146.19,34214.37,121.6,84.5,203.88,151.88,449.7,1397.5,1.084,967,5080,1.619,2.618,24.777,257.75,30.765,1132
20100915,66.43,163.87,72.95,1720.98,0.0896,147,35600,121.39,84.45,200.57,153.2,459.98,1404.93,1.088,964.01,4976.69,1.629,2.65,24.46,258.8,30.75,1130
20100916,66.8,163.17,71.89,1721.2,0.0891,144.22,34785,120.22,83,205.5,154.56,458.96,1408.87,1.078,960.97,5008.87,1.639,2.621,23.998,258.26,30.097,1131
20100917,67.99,162.18,72.35,1702,0.0872,142.71,34200.01,117.71,82.15,201.71,154,464,1380.01,1.078,959.16,4945,1.616,2.645,23.945,256.98,29.48,1140
20100920,66.15,163.15,72.9,1728.27,0.0884,143.5,34615.26,119,83.37,203.5,155.79,464.39,1387.72,1.073,960,4934,1.62,2.656,23.76,254.99,29.631,1138
20100921,65.6,163.14,72.5,1743.3,0.0889,143.4,35140,119.6,83.84,203.2,157.95,465,1391.9,1.08,964.96,4969.5,1.676,2.68,22.561,253.17,29.56,1142.5
20100922,65.1,160.8,71.71,1798.05,0.0887,142.84,34401.1,119.73,82.73,201.2,157.37,470.5,1390,1.081,962,4982.8,1.715,2.745,21.252,250.94,29.189,1145
20100923,64.65,159.22,71.56,1797,0.0882,139.1,33950.01,119.25,84.3,201.79,158.61,479.01,1379.91,1.089,959,5012,1.7,2.743,27.717,248.45,28.712,1149.9
20100924,65.92,157.97,71.75,1802,0.0876,137.5,34499,118.5,84.81,201.9,160,486,1381.96,1.1,959,5057.95,1.749,2.75,26.124,253.55,28.51,1130
20100927,65.3,157.5,71.93,1728.96,0.0857,137.75,33799.19,117.31,83.66,200.97,162.51,491.9,1375,1.091,961,5031.9,1.747,2.756,25.3,251.49,28.94,1126
20100928,65,156.8,71.6,1724.85,0.0841,137,33090,116.64,83.06,197.96,162.84,484.01,1371.37,1.077,959.88,5004.86,1.734,2.688,26.115,249.13,28.75,1105.01
20100929,65.23,157.85,71.25,1708.17,0.0851,135.38,33426,117,83.9,200.37,171.09,457.66,1390,1.078,959.6,5125,1.76,2.676,26.75,250.36,28.95,1102
20100930,66.63,160,71.55,1733.04,0.0878,133.69,33800,118.78,86.08,203.52,172.01,464,1413,1.092,951.99,5196.04,1.763,2.72,26.8,250.7,29.311,1108.99
20101001,66.97,160.54,71.45,1749,0.089,134.2,33920,118.11,89.09,210.52,170.79,457.49,1398.91,1.098,973,5254.7,1.778,2.73,27.014,250.61,29.449,1105.2
20101004,67.1,161.99,72.47,1740.01,0.0893,133.06,33930.03,120.45,89.88,213.03,171,459.94,1406,1.116,974.99,5315,1.768,2.715,26.896,252.48,29.9,1111.99
20101005,65.48,162.44,71.67,1754.1,0.0917,133.06,34800,121.25,91.97,214.7,169.7,469.16,1412,1.135,979.78,5294.82,1.838,2.69,28.122,253,30.06,1100.01
20101006,65.5,163,71.95,1760.58,0.0909,135.8,34410,119.78,91.2,210.71,166.65,525,1438.28,1.118,971,5338,1.792,2.698,28.099,254.05,29.962,1099.99
20101007,65.5,162.49,72.44,1742.95,0.0905,135.84,33957.01,119.71,90.4,208.5,169.7,517,1540.78,1.118,972,5353.5,1.775,2.69,27.45,253.6,29.905,1111.93
20101008,66,163.35,74.17,1728.5,0.091,134.8,34198.96,118.4,90.5,207.99,169.7,515.3,1521,1.12,970,5304.9,1.738,2.691,27.242,250.66,30.043,1112.5
20101011,66.57,165,73.13,1750,0.0914,139.5,34711,119.37,91.74,212.94,173.5,512.01,1524.01,1.125,976.99,5369.95,1.749,2.693,27.19,251.99,30.111,1115
20101012,66.45,163,73,1757.5,0.0908,139,34393.77,118.9,90.9,213.1,173.54,516.98,1538.88,1.113,976,5388.65,1.728,2.674,28.656,250.7,30.259,1124.84
20101013,69.5,164.74,73.22,1785,0.0921,143.1,34715,121.19,91.3,212.93,173,527,1585,1.119,979.95,5400,1.73,2.68,30.598,250.96,30.643,1139.91
20101014,68.72,162.3,72.12,1797,0.0912,144,35455,120.15,91.47,211.2,173.4,530,1600,1.107,974,5432.95,1.7,2.654,30.128,249.08,30.34,1140
20101015,69.98,161,71.82,1785,0.0916,141.89,37097.87,119.77,92.53,209.09,177.94,520,1606.99,1.095,973.99,5492,1.67,2.638,30.4,250.96,30.087,1179.58
20101018,70.86,163.4,72,1780.1,0.0922,141,37700,119.67,94.96,209.82,180,515,1591.96,1.084,979.79,5516,1.656,2.628,31.14,250,30.146,1230.01
20101019,74.6,162.27,72.02,1751.13,0.0928,140,38200.01,118.6,95.37,208.8,177,514.5,1555.12,1.076,982,5425.01,1.672,2.61,31.149,252.56,30.099,1233
20101020,74.81,161.9,73.98,1745.81,0.0937,142.61,38670,118.85,97.7,209.53,176.99,505,1542.01,1.077,985.73,5476.96,1.677,2.609,32.955,251.7,29.737,1251.97
20101021,74.76,165.8,73.5,1758.49,0.0993,142.12,36495,119.99,103.31,218.69,179.97,506.88,1560,1.079,995,5550.08,1.709,2.611,33,254.38,30.073,1267
20101022,74.3,168.49,73.35,1735,0.1014,142,36240.98,118.39,101.9,217.79,180,497.7,1520,1.076,986,5455.23,1.671,2.615,33.001,252.5,29.851,1269
20101025,73.99,169.62,74.1,1740.73,0.1042,139.6,36681.66,119.68,102.3,216.46,180.55,487.23,1521.15,1.084,988.4,5609,1.677,2.625,35.74,252.09,29.955,1296
20101026,73.4,168.45,74.21,1740.85,0.1023,147.98,36700,120.47,101.42,218.1,182.2,525.87,1535,1.12,979.8,5575,1.669,2.63,35.2,250,30.203,1305
20101027,73.45,167.02,72.58,1730.99,0.1002,145.2,37335,119.25,99.72,214,180,508,1528,1.099,974.97,5512,1.665,2.618,33.5,249.98,29.95,1322
20101028,73.24,167.17,72.17,1709.05,0.1,150.84,36870,118.9,99.35,214.03,179.23,501.99,1528.5,1.1,974.91,5573.67,1.646,2.57,34.8,249.7,29.77,1316
20101029,76.8,168.89,72.15,1734.13,0.1012,153,36835.2,120.9,101.36,216.01,179.21,494.41,1537.5,1.11,975.77,5584.3,1.636,2.56,35.099,250.2,30.27,1317.49
20101101,76.8,169.89,72.71,1750,0.1036,153.6,36800,120.6,101.85,217.99,177.07,488.99,1549.6,1.11,978,5612.97,1.662,2.607,35.35,250.06,30.601,1311
20101102,76.25,170.16,72.15,1758,0.1036,154.07,36539.99,121.95,102.35,217.51,172.75,483.29,1560.01,1.098,980,5640,1.648,2.616,35.358,254.3,30.514,1317
20101103,76.76,170.19,71.75,1754.88,0.1035,163.49,36200,121.08,103.3,216.9,172.25,479.9,1542.5,1.097,979.8,5604.95,1.658,2.601,35.65,258.04,30.427,1301
20101108,77.23,174.2,72.5,1772,0.1066,165.8,36478.76,124.25,103.95,220.93,173.52,492,1586.1,1.1,980,5870.03,1.678,2.591,36.27,260.5,30.621,1310
20101109,77,176.1,73.22,1800,0.1075,178.19,36508.01,127.39,103.59,223.69,174.8,517.41,1640,1.096,974.99,6080,1.711,2.581,37.4,260.72,30.68,1300
20101110,75.66,174.47,72.5,1769.07,0.106,177.6,35850,125.44,100.44,221.29,171,515.5,1610.03,1.092,972,6020,1.719,2.57,36.9,259.2,30.7,1310
20101111,75.8,172.6,73,1756,0.105,177.5,38300,126.27,98.4,218.07,171.3,505,1635,1.091,974.9,5916.97,1.755,2.55,35.189,256.8,30.422,1301
20101112,74.68,171.88,72.7,1741.54,0.1053,173.6,39201,124.98,97.94,217.4,172.54,505.71,1618,1.083,978.45,5906.29,1.767,2.555,33.596,256.33,29.966,1298.5
20101113,75.2,171.69,72.71,1731.1,0.1057,174.57,39195,124,97.8,216.8,175.3,496.12,1597,1.082,976.19,5860,1.771,2.555,32.952,255.7,29.667,1299.11
20101115,75.46,171.79,72.89,1748.34,0.1052,173.74,39600,128.3,99.2,218.5,176.76,502,1650,1.093,977.42,5919.95,1.763,2.595,32.955,255.58,29.976,1286
20101116,75.17,169.57,71.6,1719,0.1022,170.25,39251,127.87,95.26,212.4,175.5,505,1671,1.08,974.48,5751,1.726,2.57,29.81,255.63,29.817,1285
20101117,75.19,168.81,72.59,1724.9,0.1032,175.9,40280,127,97.2,212.55,174.69,494.4,1710.01,1.077,970.23,5791,1.72,2.572,35.803,256.32,29.628,1286.99
20101118,78.8,170.7,73.16,1732,0.1047,177.7,39600.01,127.49,99.66,214.64,174.6,504.99,1725,1.083,972,5841,1.73,2.6,33.801,258.32,29.62,1279.99
20101119,79.1,172.2,72.5,1745.64,0.1037,177.15,39590,127.02,98.7,215.29,176.5,504.88,1737.89,1.078,971.99,5926.04,1.72,2.7,33.502,256.2,29.851,1271.88
20101122,79.3,169.71,72.7,1722,0.1034,174.6,39705,126.69,99.15,213.06,177.51,515.3,1755.02,1.074,971.9,5909.95,1.714,2.799,33.29,256.48,29.885,1270.81
20101123,78.4,167.7,73.38,1701,0.1012,171.95,39246.89,126.97,98.5,210.32,179.99,532,1773.51,1.067,969.99,5865.05,1.689,2.76,32.75,254.5,29.7,1272.82
20101124,79.6,170.32,72.99,1727,0.1027,177.01,39898.49,126.7,101.31,213.5,183.5,535,1754,1.084,970.02,6044,1.719,2.796,33.17,255.84,29.651,1300
20101125,81.3,172.6,72.77,1723,0.1025,174.01,40239.98,126.87,102.6,213.01,184.3,530,1753,1.104,972.49,6140.08,1.735,2.844,32.8,255.5,29.799,1325
20101126,81.5,174.49,72.47,1713.35,0.1014,179.03,40650,125.9,101.36,211.5,185.3,545,1737,1.11,970,6045,1.737,2.879,32.569,254.95,29.729,1315
20101129,80.3,173.03,72.3,1682.9,0.1012,174.5,40580,124.3,100.71,209.5,185,565.97,1763.95,1.103,969.68,5973,1.745,2.858,32.201,254,29.691,1311
20101130,80,174.2,71.78,1735,0.1,170.71,41000,124.79,101.51,207.77,189,570,1775,1.106,969,6053.03,1.763,2.84,31.39,254.1,29.603,1279.51
20101201,79.2,182.49,72.89,1790.03,0.102,175.44,40900,127.6,103.34,212.48,201,560.2,1767.93,1.12,968.99,6161,1.82,2.835,32.406,256.03,30.028,1280.01
20101202,80.68,189.2,72.98,1798.01,0.1024,182.01,41550,128.95,103.64,216.91,206.35,587,1782.01,1.122,969.84,6450,1.828,2.89,34.619,257.5,30.42,1280
20101203,82.39,190.7,72.99,1812,0.1015,194.74,41400,130.91,103.03,217.7,205.3,600.02,1798,1.116,969.99,6670,1.823,2.909,35.901,256.3,30.531,1274.99
20101206,83.9,194.3,73.05,1846.78,0.1028,196.8,41590.03,130.65,105.56,219.4,205.54,612.86,1804,1.121,972.99,6655.27,1.843,2.96,36.16,257.57,30.906,1269.99
20101207,84,192.95,72.91,1816,0.104,199.25,41646,134,107.37,220.28,207,625,1924,1.133,972.54,6610,1.85,2.952,35.433,258.2,30.51,1285.3
20101208,83.7,190.9,72.65,1779.49,0.1019,199.99,41257,131.4,104.67,216.57,202.5,609.98,1880,1.191,986,6479,1.849,2.931,35.388,255.4,29.982,1260
20101209,83.99,192.83,72.55,1785.23,0.1013,209,41550,132.07,104.63,215.86,203.6,603,1880,1.152,974.99,6566.5,1.802,2.89,36.95,254.99,30.201,1249.44
20101210,80.7,192.87,72.52,1770,0.1015,206.89,41352,132.1,104.92,221.23,198,562.88,1831.5,1.137,974.98,6698.88,1.8,2.846,38.55,254.02,30.126,1261
20101213,82.1,195.8,73.12,1761.88,0.1025,203.47,41515.1,132.19,107.45,223.08,199.86,561,1847,1.148,971.88,6618,1.806,2.826,38.387,254,30.171,1286
20101214,82.08,197.2,72.89,1743.4,0.1029,204.5,41540,130.5,107.25,221.21,199,575,1860,1.145,973,6725,1.804,2.8,38.698,254.2,30.322,1290
20101215,81.35,195.56,72.82,1757.8,0.1026,210.98,41460,129.64,107.7,219.02,199.79,589.6,1844,1.15,1079.97,6790,1.785,2.801,38.634,253.93,30.458,1294.46
20101216,80.71,193.43,72.7,1753.09,0.1028,220.98,41140,129.93,106.3,216.35,207,585.6,1836.15,1.15,1015.99,6700,1.786,2.83,38.09,254,30.231,1293
20101217,80.75,194.11,72.69,1761.9,0.1033,215.09,41500,128.2,105.7,218.99,210.65,582,1836.61,1.154,994.99,6698,1.783,2.824,37.8,256.5,30.54,1296
20101220,80.57,194.03,72.31,1743,0.1029,212.48,41410,128.14,105.6,220.1,207.68,570.13,1882,1.15,972.01,6678,1.771,2.83,37.294,257.74,30.57,1298.86
20101221,80.38,195.52,72.3,1751.05,0.1042,214.65,41480,128.49,106.8,219.88,207.5,562.95,1877.7,1.163,969.66,6695.5,1.79,2.834,37.22,260.97,30.679,1304.99
20101222,80.29,197,72.36,1762.05,0.1034,213.8,41452.01,128.98,106.78,221.8,209.8,569.99,1931.5,1.199,969,6780,1.867,2.906,37.596,260.34,30.916,1331.96
20101223,80.8,196.01,73.18,1760.86,0.1031,213.75,40802,128.66,106.99,221,209.5,563.57,1905.28,1.215,969.3,6824,1.869,2.889,37.6,260,31.098,1369.44
20101224,80.15,195.32,72.95,1752,0.1024,213.2,40080,128.42,106.23,219.5,209,564.13,1884.6,1.209,967.49,6812,1.844,2.845,37.15,259.43,30.95,1351.44
20101227,79.47,194.9,72.4,1735.7,0.1015,210.3,39945.01,127.44,105.12,218.53,207,559.98,1864,1.194,961.99,6755.19,1.815,2.784,36.15,258,30.85,1351.01
20101228,78.3,194.41,72.21,1742.18,0.1011,213.1,38980,127.44,104.47,219.8,213.25,563.93,1880,1.203,971.39,6800,1.787,2.777,34.602,257.71,30.725,1358.78
20101229,77.4,192.5,72.45,1745,0.1006,213.95,38147.98,128.08,104.35,221,214.97,570,1901,1.213,969,7195,1.78,2.812,33.758,258.01,31.429,1362.86
20101230,79.99,193.5,72.29,1742,0.101,219.92,37795,128.03,104.18,218.85,214.94,574.2,1930,1.218,965.02,7165,1.795,2.831,33.75,259.88,32.25,1370
20110111,81.51,194.15,72.97,1798,0.1041,225.5,39600,130.38,103.78,225.08,230.3,550.98,1923.06,1.24,971.5,7287,1.8,2.842,34.251,260.34,34.984,1400.05
20110112,81.55,200.64,72.9,1866,0.1093,220,40868.75,134.7,107.08,233.57,234,548.35,1927.4,1.243,980,7498.99,1.808,2.821,35.34,260.5,36.13,1450
20110113,81.45,197.4,72.7,1903,0.108,224,40200,132.5,107.54,234,228.38,538,1881.35,1.214,1057,7395,1.774,2.802,35.105,259.19,35.227,1517.97
20110114,81.79,195.92,72.62,1893,0.1091,223.75,40130,132.95,107.21,232.51,221.82,532,1835.99,1.212,1065,7400,1.778,2.81,34.799,257.27,35.289,1535
20110117,81,198.7,72.99,1924.97,0.1091,229.31,40300,137.18,109.57,244.95,222.26,552.3,1828.51,1.235,1074.98,7462.84,1.794,2.8,34.55,259.65,35.296,1531.04
20110118,80.19,198.8,73.17,1907,0.1092,232.43,40150,136.72,108.08,244.2,228.49,560.51,1824.98,1.256,1075,7490.12,1.773,2.789,34.287,260.94,34.88,1544.95
20110119,79.98,198.12,88.99,1932.7,0.1091,235.48,40200,136.55,107.66,243,229.6,555.99,1802.8,1.245,1036.55,7464,1.752,2.76,33.763,263,34.799,1540
20110120,78.82,194.2,80.59,1894,0.1078,228,39560,134.3,105.21,242,228.15,539.97,1753.9,1.204,1018,7421,1.711,2.739,33,258.98,34.182,1520
20110121,79.5,192.71,80.24,1931,0.111,236.25,39710,135.33,105.61,246.86,228.42,532,1745,1.21,1048.05,7500,1.724,2.818,33.429,259.5,34.459,1474.4
20110124,78.03,189.05,78.4,1884,0.1092,230.5,38884.28,132.43,104.05,242.86,223.7,520,1745,1.184,1258,7540,1.689,2.838,32.831,257,33.751,1469
20110125,79,190,79.08,1889.88,0.1089,225.03,38323.09,132.2,105.98,240.75,222,505,1717.86,1.186,1150,7502,1.671,2.9,32.398,255.47,33.059,1460
20110126,78.52,197.14,79.75,1896.78,0.1107,225.67,38699,133.2,108.6,247.49,228,507.29,1730,1.201,1153.45,7515.19,1.687,2.865,33.005,255.95,33.697,1460
20110127,77.8,201.3,80.49,1880.04,0.1106,231.16,38700,133.75,107.74,252.55,225.56,515.9,1716.99,1.198,1146.99,7602,1.673,2.84,32.662,252.82,33.613,1467
20110128,76.6,199.7,80.33,1849.05,0.109,227.94,38396.09,132.85,106.38,253,224.49,507,1743.25,1.183,1271,7700,1.647,2.82,32.379,251,33.699,1453.1
20110131,77.7,196.98,80.2,1834.99,0.107,225.6,38698.99,131.15,105.9,255,226.15,509.93,1784.34,1.188,1222.93,7470,1.624,2.82,32.409,249.8,33.409,1444.69
20110201,77.8,204.91,80.51,1904,0.1062,231.3,39230,134.87,106.4,259.25,228,505.88,1766,1.194,1238,7513,1.619,2.817,32.35,249.7,33.65,1423
20110202,77.2,209.51,80.25,1955,0.1028,231.33,39400,137.34,104.3,258,233.35,509.2,1754,1.189,1249.8,7590,1.625,2.785,32.753,248.79,33.498,1417
20110203,77.5,207.03,82.5,1951,0.1023,229.74,38582.06,136.1,103.88,252.69,228.5,507.5,1722.94,1.175,1244.52,7474,1.636,2.775,32.05,249.34,32.82,1405
20110204,78,213.3,81.35,1965,0.1022,230.05,39499.96,136.72,102.8,257.3,230.5,508.79,1717,1.178,1222.57,7441,1.658,2.792,31.549,249.37,33.399,1399.99
20110207,78.45,213.6,80.8,1977.48,0.1012,230.12,39393.93,137.32,103.18,257.46,232.45,512.15,1726,1.174,1190.01,7371,1.66,2.798,31.201,251.51,33.16,1400
20110208,77.5,210.4,81.49,1933.07,0.0965,219.89,38176,138.3,101.42,252.92,232.2,498.55,1709.82,1.153,1183,7231,1.618,2.736,30.741,249.95,32.204,1397.64
20110209,76.59,215.15,81.4,1932,0.0969,209.8,38135,139.4,99.86,248.8,225.11,505,1679.86,1.136,1207.1,7052,1.579,2.74,30.315,249.7,32.295,1340
20110210,74.72,208.22,80.39,1893.98,0.0934,209,37213.01,136,96.3,246.6,219.5,488.1,1607,1.11,1170.05,6839.98,1.542,2.678,30.799,245.97,31.152,1328.09
20110211,73.8,208.5,80.37,1932.86,0.0946,211.52,38800,135.85,101.04,255.7,218,499.65,1633.99,1.109,1217.99,7148.27,1.557,2.67,30.7,247,31.804,1327
20110214,72.95,203.51,80.86,1912.99,0.0951,217.94,38510,137.8,101.29,253.9,219,503.96,1668.89,1.112,1221.11,7110,1.555,2.647,30.765,247,31.8,1300
20110215,72.92,199.5,85.78,1894.9,0.0953,222.07,39042.01,137.51,99.51,258,219.88,504.74,1640,1.105,1220,7065,1.527,2.645,30.915,245.95,31.633,1294
20110216,72.4,199.4,81.5,1915.96,0.0989,224.28,39249.22,137.19,100.6,257.6,218.22,501.06,1636.96,1.116,1228,6965,1.561,2.635,31.5,249.99,31.803,1298.3
20110217,73.33,195.45,82.9,1908.8,0.0975,223.75,39130,139.05,100.9,257.12,218.8,504.45,1637,1.119,1225.01,6817,1.59,2.632,31.361,252.19,31.501,1284.96
20110218,72.7,195.5,82.57,1923.17,0.096,224.11,38650,141.52,100.82,255,218,503.5,1613.7,1.097,1230,6701.14,1.53,2.5,31.021,254.49,31.389,1270
20110221,72.29,198.92,83.8,1956.71,0.0956,224.34,39600,145.31,100.49,263.1,227.53,543,1664.84,1.093,1245.04,6815,1.54,2.525,30.79,254.68,32.625,1261.05
20110222,70.3,197.8,82.15,1948.86,0.0953,221.14,39200,154.77,98.51,265,225.26,541.59,1670,1.064,1227,6785.47,1.5,2.49,30.415,251.51,31.959,1249.96
20110224,70,208.05,79.91,1993,0.0949,212.98,38800,155.06,97.2,274.22,220.5,557.97,1708.02,1.039,1200,6579.96,1.453,2.469,29.7,247.15,33.006,1190
20110225,71.25,209.3,81.21,2006.01,0.0986,232.35,39950,153.62,100.34,272.17,226.4,542.36,1692,1.086,1188.44,6857.76,1.529,2.57,29.761,249.49,33.077,1205
20110228,73.18,210.71,81.56,2038.03,0.1012,234,40900,156.15,102.1,271.68,224.49,550,1693.1,1.092,1184,6993,1.56,2.584,30.11,247.25,33.23,1230
20110301,74.4,209.48,82,2030,0.09804,240,40210,151.49,99.89,268.4,224.22,546,1685.8,1.108,1185,7021,1.528,2.547,31,246.6,33.168,1243.7
20110302,74.6,212,82.9,2017,0.09744,235.8,40411,150.29,99.5,270.55,220.61,547.1,1728.5,1.1019,1157.5,7135,1.5019,2.521,31.187,243.9,33.331,1209.8
20110303,73.71,213.54,82.7,2035,0.0976,237.6,40974,152.7,101.99,269,222.97,545.8,1719.9,1.1113,1153.5,7101,1.5,2.5,31.16,245.4,32.98,1225
20110304,74.15,212.9,82.39,2049.1,0.09655,239.63,40275,152.58,100.33,266.69,214.13,545.2,1713.9,1.0959,1118.9,7130,1.4815,2.492,31.095,248.19,33.157,1248
20110305,74.62,214.12,82.3,2065.5,0.09783,239.81,40498,154.03,101.55,269.5,218,546.9,1718.1,1.1019,1121.8,7198,1.527,2.5265,31.09,249.9,33.215,1251
20110309,74.11,214.77,82.39,2042.1,0.09767,230.88,40624,156.03,102.91,263.99,212.6,545,1712.4,1.0999,1118.7,7116,1.5339,2.51,31.4,254.7,33.08,1347.8
20110310,73.7,207.95,80.5,1983.5,0.0941,224,39650,150.29,99.77,253.69,199.8,530,1696.9,1.0749,1029,6880,1.4996,2.498,30.04,253.5,32.324,1307.7
20110311,74.13,209.1,80.59,1991.5,0.09428,219.96,39650,144.39,98.75,253.75,192.58,516.8,1666,1.0486,991.7,6766,1.4788,2.4415,29.82,252.19,32.467,1239.9
20110314,75,216.25,79.9,1975.4,0.09265,218.1,39755,144.94,97.1,255.8,189.91,519.8,1666.5,1.0199,984,6936,1.48,2.41,28.6,252.1,32.077,1229.5
20110315,76.59,217.5,74.21,1927.7,0.0914,214.45,38847,139.5,95,250.1,183.99,528,1610,0.9654,930.5,7016,1.42,2.35,27.2,247.72,30.839,1170.6
20110316,78.49,221.81,75.4,1934.8,0.09071,216.64,38751,144.75,94.47,252.3,189.5,516.5,1597,0.96,939.4,6995,1.399,2.3512,28.235,246.89,30.19,1140
20110317,76.48,224.91,76.86,1989,0.09247,222.92,38800,146.8,98.19,257,195.5,517.9,1617,0.9499,1013.9,7165,1.3853,2.355,28.2,247.98,30.25,1137.2
20110318,74.8,224.1,76.94,2012,0.0933,225,38460,145.33,100.16,255.83,201.8,506.4,1634.4,1.012,1005,7140,1.41,2.42,30.343,248.3,29.375,1132
20110321,74.21,222.36,77.14,2012,0.09455,225.79,38549,149.27,100.54,256.9,204.25,506.3,1637,1,992,7200,1.465,2.5,30,250.61,29.777,1140.1
20110322,73.26,220.32,76.99,1971,0.094,220.79,38377,149.75,100.3,258.5,204,510,1626.8,1,988.5,7105,1.4704,2.5,30.114,251.3,29.62,1164.9
20110323,74.5,223.5,77,2016.3,0.09519,224.7,38799,151.5,101.1,264.98,202.98,523,1665,1.01,1060,7235,1.4899,2.5399,30.2,251.05,30.406,1200
20110324,73.69,224.3,77.52,2051,0.09729,226.38,39400,150.65,105.09,269.2,202.59,539,1680,1.0254,1050.1,7291,1.528,2.54,30.76,251.98,30.461,1210
20110325,73.3,222.81,77.02,2046.3,0.09815,232.09,39505,151.5,106.94,267.99,199.5,539.8,1674.3,1.0211,1020.9,7495,1.55,2.55,30.998,258.68,30.39,1205
20110328,73.4,225.5,77.28,2027.5,0.09962,235.01,40564,151.12,106.23,270.7,197.84,545,1684.2,1.0142,1027.2,7555,1.5539,2.55,30.898,259.21,30.296,1200
20110329,72.2,224.01,76.5,1995,0.09796,230.5,39830,147.94,106.26,264,191.6,536.1,1661.7,0.9999,1019.9,7432,1.515,2.4958,30.12,256.01,29.887,1147.4
20110330,72.1,229.32,76.02,2032.5,0.09933,235.12,41201,148.95,106.93,264.34,191.49,539.6,1671,0.9955,1018.9,7514,1.5155,2.5356,30.103,260.1,30.27,1117
20110331,73.16,229.09,75.94,2032.7,0.0987,234.95,41821,148.77,106.65,259.99,190.31,541.1,1702.1,1.0012,1017.9,7463,1.5405,2.6701,29.898,259.48,30.816,1095
20110401,72.56,235.1,76.46,2057,0.10015,240.01,42400,150,108.72,263.9,188.7,543,1705,1.011,1010.3,7671,1.56,2.723,30.17,261.65,31.155,1054.3
20110404,72.71,237.7,75.12,2059.9,0.1003,240.8,44871,150.9,108.43,266.8,188.99,541,1686,1.0138,1007.5,7818,1.5397,2.717,30.1,260.4,31.251,1041.7
20110405,72.6,238.72,74.87,2050.1,0.0987,240.33,44871,149.25,106.85,267.5,186,560.4,1709.8,1.0026,996.8,7731,1.544,2.7,30.25,259.71,31.97,1035
20110406,72.82,239.4,75.25,2070,0.09945,245.72,45200,148.83,107.99,270,193.01,584.7,1710,1.03,977,7751,1.5355,2.7421,31.105,259.81,31.942,1060
20110407,72.6,238,75.27,2035.2,0.09741,243.48,44600,147.58,106.98,266.98,197.1,585.4,1724.3,1.04,976.1,7649,1.5359,2.73,30.3,259.2,31.48,1089
20110408,73.02,243.2,74.72,2047.1,0.09852,244.01,46120,147.45,109.1,265.64,203.71,599.9,1722,1.0345,1050,7609,1.52,2.7,30.7,261,31.525,1077.5
20110411,72.58,244,74.52,2027.6,0.09887,237.44,46001,146.8,108.48,263.7,202.3,589,1728,1.0191,1027,7615,1.51,2.659,30.699,258.43,31.39,1060.8
20110412,72.1,235.57,73.6,1980,0.09618,234.89,43490,140.61,104.88,255.35,196.07,583.3,1670.1,0.9922,1028,7560,1.4819,2.5986,30,254.5,30.441,1040
20110413,72.2,235.07,73.71,1992.1,0.0963,237.09,43485,140.36,106.29,252.75,198.41,572.9,1654.4,0.9977,1026.6,7772,1.534,2.635,30.6,256.9,30.402,1051.4
20110414,72.69,228.87,73.39,1951.2,0.0954,230.15,44091,138.89,106.43,244.66,196.75,566.7,1633.9,0.992,1020.1,7668,1.615,2.5945,29.9,254.26,29.618,1022.2
20110415,72.5,227.6,73.01,1965,0.09517,227,43016,139.3,105.92,247.69,194.47,599.5,1653,0.9895,1013.4,7705,1.634,2.5723,29.885,256.9,29.424,1026
20110418,68.12,218.91,70.61,1899.9,0.09205,220.8,40849,136.28,100.34,238.49,188,582,1609.9,0.9551,967,7360,1.5934,2.53,28.662,251.19,28.38,986.1
20110419,70.16,225.69,70.77,1949.9,0.09298,230.21,40949,138.43,101.61,249.88,189.76,571.8,1648.8,0.9706,990,7474,1.603,2.539,28.65,252.5,29.031,1000
20110420,71.3,230.51,70.8,1973,0.09391,234.99,42106,145,102.84,254.2,189,554.1,1719.2,0.98,994.9,7694,1.5904,2.5379,29.333,254.38,29.96,1036.8
20110421,70.3,235,70.68,1953.9,0.09276,233.51,42145,146.5,102.66,251.51,188.51,531.6,1777.4,0.9726,1035,7670,1.63,2.505,28.728,255.5,29.741,1036.5
20110422,70.14,236.89,70.6,1954.1,0.09499,234.3,42516,148.3,103.92,251.7,190.3,544.9,1775,0.98,1011.1,7700,1.64,2.54,28.998,256.99,29.72,1050
20110425,68.9,233.9,70.45,1939.6,0.09296,230.03,41764,146.69,101.83,246.39,188.02,549.2,1767.4,0.9689,1009.5,7533,1.6051,2.5118,28.19,254.87,29.482,1034.9
20110426,68.27,232.14,70.15,1918,0.0933,230.77,41688,141.4,101.5,247.64,185.25,535,1769.8,0.9683,1002,7679,1.5985,2.5,28.344,254.71,29.38,1023.8
20110427,67.12,231.9,68.6,1900,0.09109,229.21,41500,137.99,100.17,242.8,181.2,524.1,1788.3,0.95,996.7,7625,1.585,2.47,27.75,252.95,29.305,1026.2
20110428,68.9,231.9,67.48,1904,0.0894,232.28,40977,138.5,101.14,247.4,182.31,528,1864,0.9524,1014.8,7625,1.577,2.469,27.4,253.77,29.269,1024
